Retail,Name,Price,Category,Img,Link,Quantity,Unit,Date of Update,Name Cleaned,Translated Name Cleaned,Category (EN),Context Name,Product,Best Category,Top 1,Top 2,Top 3,Synthetic
Rema1000,HVIDLØGSBAGUETTES,14.95,BRØD & KAGER,https://api.digital.rema1000.dk/api/v1/catalog/store/1/item/46612/image/1683894491/170.jpg,https://shop.rema1000.dk/frost,350,GR.,2025-06-01,hvidløgsbaguettes,garlic baguettes,BRØD & KAGER,garlic baguettes BRØD & KAGER,garlic baguettes BRØD & KAGER,Garlic,Garlic (0.47),Knækbrød (0.44),Bread Loaf (0.37),False
Rema1000,PØLSEHORN,26.95,BRØD & KAGER,https://api.digital.rema1000.dk/api/v1/catalog/store/1/item/43798/image/1676368118/170.jpg,https://shop.rema1000.dk/frost,480,GR.,2025-06-01,pølsehorn,Sausage horns,BRØD & KAGER,Sausage horns BRØD & KAGER,Sausage horns BRØD & KAGER,Sausage,Sausage (0.58),Knækbrød (0.43),Ham Slices (0.36),False
Rema1000,SOFT PITABRØD,12.95,BRØD & KAGER,https://api.digital.rema1000.dk/api/v1/catalog/store/1/item/41488/image/1731520807/170.jpg,https://shop.rema1000.dk/frost,375,GR.,2025-06-01,soft pitabrød,soft pita bread,BRØD & KAGER,soft pita bread BRØD & KAGER,soft pita bread BRØD & KAGER,Sandwich Bread,Sandwich Bread (0.51),Rye Bread (0.49),Bread Loaf (0.49),False
Rema1000,MORGENBRØD,16.95,BRØD & KAGER,https://api.digital.rema1000.dk/api/v1/catalog/store/1/item/46648/image/1618239347/170.jpg,https://shop.rema1000.dk/frost,600,GR.,2025-06-01,morgenbrød,bread for breakfast,BRØD & KAGER,bread for breakfast BRØD & KAGER,bread for breakfast BRØD & KAGER,Sandwich Bread,Sandwich Bread (0.56),Bread Loaf (0.55),Toast Bread (0.55),False
Rema1000,HÅNDVÆRKERE,16.95,BRØD & KAGER,https://api.digital.rema1000.dk/api/v1/catalog/store/1/item/46647/image/1618239347/170.jpg,https://shop.rema1000.dk/frost,600,GR.,2025-06-01,håndværkere,artisans,BRØD & KAGER,artisans BRØD & KAGER,artisans BRØD & KAGER,Knækbrød,Knækbrød (0.50),Frikadeller (0.34),Parmesan (0.26),False
Rema1000,GRILLET MADBRØD,19.95,BRØD & KAGER,https://api.digital.rema1000.dk/api/v1/catalog/store/1/item/46355/image/1725977979/170.jpg,https://shop.rema1000.dk/frost,600,GR.,2025-06-01,grillet madbrød,barbecued bread,BRØD & KAGER,barbecued bread BRØD & KAGER,barbecued bread BRØD & KAGER,Bread Loaf,Bread Loaf (0.53),Sandwich Bread (0.52),Toast Bread (0.51),False
Rema1000,PITA BRØD,12.95,BRØD & KAGER,https://api.digital.rema1000.dk/api/v1/catalog/store/1/item/46336/image/1731088806/170.jpg,https://shop.rema1000.dk/frost,400,GR.,2025-06-01,pita brød,Pita bread,BRØD & KAGER,Pita bread BRØD & KAGER,Pita bread BRØD & KAGER,Sandwich Bread,Sandwich Bread (0.51),Bread Loaf (0.49),Rye Bread (0.49),False
Rema1000,HVIDLØGSBAGUETTES,15.95,BRØD & KAGER,https://api.digital.rema1000.dk/api/v1/catalog/store/1/item/46615/image/1618239346/170.jpg,https://shop.rema1000.dk/frost,350,GR.,2025-06-01,hvidløgsbaguettes,garlic baguettes,BRØD & KAGER,garlic baguettes BRØD & KAGER,garlic baguettes BRØD & KAGER,Garlic,Garlic (0.47),Knækbrød (0.44),Bread Loaf (0.37),False
Rema1000,FULDKORNS MINIFLUTES,15.95,BRØD & KAGER,https://api.digital.rema1000.dk/api/v1/catalog/store/1/item/46646/image/1618239347/170.jpg,https://shop.rema1000.dk/frost,600,GR.,2025-06-01,fuldkorns miniflutes,whole grain miniflutes,BRØD & KAGER,whole grain miniflutes BRØD & KAGER,whole grain miniflutes BRØD & KAGER,Wheat Flour,Wheat Flour (0.38),Rye Flour (0.37),Beef Mince (0.36),False
Rema1000,FOCACCIA PEPPERONI,26.95,BRØD & KAGER,https://api.digital.rema1000.dk/api/v1/catalog/store/1/item/43800/image/1683894449/170.jpg,https://shop.rema1000.dk/frost,400,GR.,2025-06-01,focaccia pepperoni,focaccia pepperoni,BRØD & KAGER,focaccia pepperoni BRØD & KAGER,focaccia pepperoni BRØD & KAGER,Chili Peppers,Chili Peppers (0.39),Cauliflower (0.36),Pizza (0.36),False
Rema1000,MINIFLUTES,14.95,BRØD & KAGER,https://api.digital.rema1000.dk/api/v1/catalog/store/1/item/46644/image/1745842289/170.jpg,https://shop.rema1000.dk/frost,750,GR.,2025-06-01,miniflutes,miniflutes,BRØD & KAGER,miniflutes BRØD & KAGER,miniflutes BRØD & KAGER,Knækbrød,Knækbrød (0.47),Frikadeller (0.33),Beef Mince (0.26),False
Rema1000,MØLLEHJUL,12.0,BRØD & KAGER,https://api.digital.rema1000.dk/api/v1/catalog/store/1/item/46250/image/1668438243/170.jpg,https://shop.rema1000.dk/frost,420,GR.,2025-06-01,møllehjul,mill wheels,BRØD & KAGER,mill wheels BRØD & KAGER,mill wheels BRØD & KAGER,Knækbrød,Knækbrød (0.43),Frikadeller (0.29),Wheat Flour (0.21),False
Rema1000,"SURDEJSBOLLER, STENSOVNSBAGTE",12.0,BRØD & KAGER,https://api.digital.rema1000.dk/api/v1/catalog/store/1/item/46101/image/1721412005/170.jpg,https://shop.rema1000.dk/frost,420,GR.,2025-06-01,"surdejsboller, stensovnsbagte","Sourdough balls, stone oven baked",BRØD & KAGER,"Sourdough balls, stone oven baked BRØD & KAGER","Sourdough balls, stone oven baked BRØD & KAGER",Baked Beans,Baked Beans (0.41),Baking Mix (0.40),Knækbrød (0.37),False
Rema1000,SMØRCROISSANT,24.95,BRØD & KAGER,https://api.digital.rema1000.dk/api/v1/catalog/store/1/item/45485/image/1725289306/170.jpg,https://shop.rema1000.dk/frost,280,GR.,2025-06-01,smørcroissant,Butter croissant,BRØD & KAGER,Butter croissant BRØD & KAGER,Butter croissant BRØD & KAGER,Butter,Butter (0.52),Nut Butter (0.42),Knækbrød (0.40),False
Rema1000,SKAGENSLAPPER,12.0,BRØD & KAGER,https://api.digital.rema1000.dk/api/v1/catalog/store/1/item/46251/image/1668438169/170.jpg,https://shop.rema1000.dk/frost,438,GR.,2025-06-01,skagenslapper,Coat flaps,BRØD & KAGER,Coat flaps BRØD & KAGER,Coat flaps BRØD & KAGER,Knækbrød,Knækbrød (0.42),Frikadeller (0.26),Trash Bags (0.26),False
Rema1000,KANELSNEGLE,12.0,BRØD & KAGER,https://api.digital.rema1000.dk/api/v1/catalog/store/1/item/45515/image/1679649595/170.jpg,https://shop.rema1000.dk/frost,340,GR.,2025-06-01,kanelsnegle,Cinnamon snails,BRØD & KAGER,Cinnamon snails BRØD & KAGER,Cinnamon snails BRØD & KAGER,Knækbrød,Knækbrød (0.43),Buns (0.33),Cottage Cheese (0.31),False
Rema1000,CHOKO CROISSANT,22.95,BRØD & KAGER,https://api.digital.rema1000.dk/api/v1/catalog/store/1/item/45486/image/1618239322/170.jpg,https://shop.rema1000.dk/frost,180,GR.,2025-06-01,choko croissant,Shoco croissant,BRØD & KAGER,Shoco croissant BRØD & KAGER,Shoco croissant BRØD & KAGER,Knækbrød,Knækbrød (0.47),Parmesan (0.32),Bread Crumbs (0.30),False
Rema1000,HAVRESTYKKE,19.95,BRØD & KAGER,https://api.digital.rema1000.dk/api/v1/catalog/store/1/item/46190/image/1633358508/170.jpg,https://shop.rema1000.dk/frost,510,GR.,2025-06-01,havrestykke,Piece of oat,BRØD & KAGER,Piece of oat BRØD & KAGER,Piece of oat BRØD & KAGER,Knækbrød,Knækbrød (0.48),Cottage Cheese (0.34),Pork Mince (0.33),False
Rema1000,BAGELS CHILI,19.95,BRØD & KAGER,https://api.digital.rema1000.dk/api/v1/catalog/store/1/item/46211/image/1709143206/170.jpg,https://shop.rema1000.dk/frost,400,GR.,2025-06-01,bagels chili,Bagels chili,BRØD & KAGER,Bagels chili BRØD & KAGER,Bagels chili BRØD & KAGER,Chili Peppers,Chili Peppers (0.43),Knækbrød (0.39),Baked Beans (0.36),False
Rema1000,FOCACCIA M/HAVSALT,14.95,BRØD & KAGER,https://api.digital.rema1000.dk/api/v1/catalog/store/1/item/46445/image/1635780073/170.jpg,https://shop.rema1000.dk/frost,280,GR.,2025-06-01,focaccia m/havsalt,Focaccia m/ha,BRØD & KAGER,Focaccia m/ha BRØD & KAGER,Focaccia m/ha BRØD & KAGER,Knækbrød,Knækbrød (0.45),Frikadeller (0.37),Parmesan (0.28),False
Rema1000,PANEREDE FISK,25.0,FISK & SKALDYR,https://api.digital.rema1000.dk/api/v1/catalog/store/1/item/43000/image/1737726349/170.jpg,https://shop.rema1000.dk/frost,500,GR.,2025-06-01,panerede fisk,spawned fish,Fish & Shellfish,spawned fish Fish & Shellfish,spawned fish Fish & Shellfish,Fish Fillet,Fish Fillet (0.52),Fish Cakes (0.44),Smoked Salmon (0.39),False
Rema1000,EKSTRA STORE REJER,25.0,FISK & SKALDYR,https://api.digital.rema1000.dk/api/v1/catalog/store/1/item/43047/image/1618239289/170.jpg,https://shop.rema1000.dk/frost,200,GR.,2025-06-01,ekstra store rejer,extra large shrimps,Fish & Shellfish,extra large shrimps Fish & Shellfish,extra large shrimps Fish & Shellfish,Fish Fillet,Fish Fillet (0.47),Fish Cakes (0.43),Tuna (Canned) (0.32),False
Rema1000,FISH AND CRISP,39.95,FISK & SKALDYR,https://api.digital.rema1000.dk/api/v1/catalog/store/1/item/43015/image/1742234408/170.jpg,https://shop.rema1000.dk/frost,480,GR.,2025-06-01,fish and crisp,fish and crisp,Fish & Shellfish,fish and crisp Fish & Shellfish,fish and crisp Fish & Shellfish,Fish Fillet,Fish Fillet (0.59),Fish Cakes (0.56),Smoked Salmon (0.49),False
Rema1000,INDBAGT LAKS,19.95,FISK & SKALDYR,https://api.digital.rema1000.dk/api/v1/catalog/store/1/item/42980/image/1618239286/170.jpg,https://shop.rema1000.dk/frost,250,GR.,2025-06-01,indbagt laks,baked salmon,Fish & Shellfish,baked salmon Fish & Shellfish,baked salmon Fish & Shellfish,Smoked Salmon,Smoked Salmon (0.67),Fish Cakes (0.63),Fish Fillet (0.54),False
Rema1000,TORPEDOREJER,25.0,FISK & SKALDYR,https://api.digital.rema1000.dk/api/v1/catalog/store/1/item/43086/image/1689950694/170.jpg,https://shop.rema1000.dk/frost,160,GR.,2025-06-01,torpedorejer,Torpedo shrimps,Fish & Shellfish,Torpedo shrimps Fish & Shellfish,Torpedo shrimps Fish & Shellfish,Fish Fillet,Fish Fillet (0.46),Fish Cakes (0.45),Smoked Salmon (0.39),False
Rema1000,FISKEPINDE,26.95,FISK & SKALDYR,https://api.digital.rema1000.dk/api/v1/catalog/store/1/item/43022/image/1672752058/170.jpg,https://shop.rema1000.dk/frost,450,GR.,2025-06-01,fiskepinde,Fish sticks,Fish & Shellfish,Fish sticks Fish & Shellfish,Fish sticks Fish & Shellfish,Fish Fillet,Fish Fillet (0.60),Fish Cakes (0.54),Smoked Salmon (0.45),False
Rema1000,VANNAMEI REJER KOGTE,25.0,FISK & SKALDYR,https://api.digital.rema1000.dk/api/v1/catalog/store/1/item/43250/image/1618239293/170.jpg,https://shop.rema1000.dk/frost,200,GR.,2025-06-01,vannamei rejer kogte,Vannamei shrimp cooked,Fish & Shellfish,Vannamei shrimp cooked Fish & Shellfish,Vannamei shrimp cooked Fish & Shellfish,Fish Cakes,Fish Cakes (0.44),Fish Fillet (0.43),Smoked Salmon (0.39),False
Rema1000,INDBAGTE REJER M.,19.95,FISK & SKALDYR,https://api.digital.rema1000.dk/api/v1/catalog/store/1/item/42990/image/1618239286/170.jpg,https://shop.rema1000.dk/frost,250,GR.,2025-06-01,indbagte rejer m.,baked shrimp m,Fish & Shellfish,baked shrimp m Fish & Shellfish,baked shrimp m Fish & Shellfish,Fish Cakes,Fish Cakes (0.58),Fish Fillet (0.49),Smoked Salmon (0.45),False
Rema1000,PANERET FISK M.REJER,19.95,FISK & SKALDYR,https://api.digital.rema1000.dk/api/v1/catalog/store/1/item/42981/image/1727956557/170.jpg,https://shop.rema1000.dk/frost,250,GR.,2025-06-01,paneret fisk m.rejer,spawned fish shrimps and prawns,Fish & Shellfish,spawned fish shrimps and prawns Fish & Shellfish,spawned fish shrimps and prawns Fish & Shellfish,Fish Fillet,Fish Fillet (0.44),Fish Cakes (0.41),Tuna (Canned) (0.32),False
Rema1000,VANNAMEI REJER RÅ,25.0,FISK & SKALDYR,https://api.digital.rema1000.dk/api/v1/catalog/store/1/item/43249/image/1618239293/170.jpg,https://shop.rema1000.dk/frost,200,GR.,2025-06-01,vannamei rejer rå,Vannamei shrimp raw,Fish & Shellfish,Vannamei shrimp raw Fish & Shellfish,Vannamei shrimp raw Fish & Shellfish,Fish Fillet,Fish Fillet (0.44),Fish Cakes (0.41),Tuna (Canned) (0.38),False
Rema1000,STORE VESTERHAVS RØDSPÆTTER,49.0,FISK & SKALDYR,https://api.digital.rema1000.dk/api/v1/catalog/store/1/item/43006/image/1730205747/170.jpg,https://shop.rema1000.dk/frost,500,GR.,2025-06-01,store vesterhavs rødspætter,Greater Western plaice,Fish & Shellfish,Greater Western plaice Fish & Shellfish,Greater Western plaice Fish & Shellfish,Fish Fillet,Fish Fillet (0.51),Fish Cakes (0.42),Smoked Salmon (0.35),False
Rema1000,LAKSEFILET 4 X 100G,79.95,FISK & SKALDYR,https://api.digital.rema1000.dk/api/v1/catalog/store/1/item/43275/image/1737655207/170.jpg,https://shop.rema1000.dk/frost,400,GR.,2025-06-01,laksefilet 4 x 100g,salmon fillet 4 x 100g,Fish & Shellfish,salmon fillet 4 x 100g Fish & Shellfish,salmon fillet 4 x 100g Fish & Shellfish,Fish Fillet,Fish Fillet (0.69),Smoked Salmon (0.47),Fish Cakes (0.42),False
Rema1000,TUNSTEAKS,25.0,FISK & SKALDYR,https://api.digital.rema1000.dk/api/v1/catalog/store/1/item/43362/image/1733392378/170.jpg,https://shop.rema1000.dk/frost,225,GR.,2025-06-01,tunsteaks,tuna steaks,Fish & Shellfish,tuna steaks Fish & Shellfish,tuna steaks Fish & Shellfish,Tuna (Canned),Tuna (Canned) (0.69),Beef Steak (0.55),Fish Cakes (0.50),False
Rema1000,INDBAGT VILDLAKS,44.95,FISK & SKALDYR,https://api.digital.rema1000.dk/api/v1/catalog/store/1/item/42975/image/1618239286/170.jpg,https://shop.rema1000.dk/frost,500,GR.,2025-06-01,indbagt vildlaks,baked wild salmon,Fish & Shellfish,baked wild salmon Fish & Shellfish,baked wild salmon Fish & Shellfish,Smoked Salmon,Smoked Salmon (0.66),Fish Cakes (0.60),Fish Fillet (0.51),False
Rema1000,DANSK LAKSEFILET,69.95,FISK & SKALDYR,https://api.digital.rema1000.dk/api/v1/catalog/store/1/item/43274/image/1737655207/170.jpg,https://shop.rema1000.dk/frost,400,GR.,2025-06-01,laksefilet,salmon fillet,Fish & Shellfish,salmon fillet Fish & Shellfish,salmon fillet Fish & Shellfish,Fish Fillet,Fish Fillet (0.76),Smoked Salmon (0.56),Fish Cakes (0.49),False
Rema1000,SILDEFILETER,25.0,FISK & SKALDYR,https://api.digital.rema1000.dk/api/v1/catalog/store/1/item/42916/image/1700575263/170.jpg,https://shop.rema1000.dk/frost,400,GR.,2025-06-01,sildefileter,herring fillets,Fish & Shellfish,herring fillets Fish & Shellfish,herring fillets Fish & Shellfish,Fish Fillet,Fish Fillet (0.74),Fish Cakes (0.50),Smoked Salmon (0.42),False
Rema1000,PASTA CARBONARA,17.95,FÆRDIGRETTER,https://api.digital.rema1000.dk/api/v1/catalog/store/1/item/45095/image/1618239320/170.jpg,https://shop.rema1000.dk/frost,350,GR.,2025-06-01,pasta carbonara,pasta carbonara,PUTTING-OFFS,pasta carbonara PUTTING-OFFS,pasta carbonara PUTTING-OFFS,Pasta,Pasta (0.62),Pasta Sauce (0.58),Pasta Salad (0.50),False
Rema1000,LASAGNE,17.95,FÆRDIGRETTER,https://api.digital.rema1000.dk/api/v1/catalog/store/1/item/45100/image/1656676043/170.jpg,https://shop.rema1000.dk/frost,400,GR.,2025-06-01,lasagne,lasagne,PUTTING-OFFS,lasagne PUTTING-OFFS,lasagne PUTTING-OFFS,Lasagna,Lasagna (0.47),Pasta Sauce (0.30),Mozzarella (0.30),False
Rema1000,BOLLER I KARRY,19.95,FÆRDIGRETTER,https://api.digital.rema1000.dk/api/v1/catalog/store/1/item/45102/image/1618239321/170.jpg,https://shop.rema1000.dk/frost,350,GR.,2025-06-01,boller i karry,Buns in curry,PUTTING-OFFS,Buns in curry PUTTING-OFFS,Buns in curry PUTTING-OFFS,Buns,Buns (0.68),Pork Chops (0.40),Sandwich Spread (0.40),False
Rema1000,THAIBOX PANANG,27.95,FÆRDIGRETTER,https://api.digital.rema1000.dk/api/v1/catalog/store/1/item/44850/image/1695721854/170.jpg,https://shop.rema1000.dk/frost,350,GR.,2025-06-01,thaibox panang,thaibox panang,PUTTING-OFFS,thaibox panang PUTTING-OFFS,thaibox panang PUTTING-OFFS,Chicken Drumsticks,Chicken Drumsticks (0.25),Chicken Mixed Cuts (0.22),Ketchup (0.21),False
Rema1000,PARISERTOAST,19.95,FÆRDIGRETTER,https://api.digital.rema1000.dk/api/v1/catalog/store/1/item/42714/image/1744276898/170.jpg,https://shop.rema1000.dk/frost,200,GR.,2025-06-01,parisertoast,Pariser toast,PUTTING-OFFS,Pariser toast PUTTING-OFFS,Pariser toast PUTTING-OFFS,Toast Bread,Toast Bread (0.52),Bread Crumbs (0.39),Crispbread (0.36),False
Rema1000,FRIKADELLER M. RØDKÅL,19.95,FÆRDIGRETTER,https://api.digital.rema1000.dk/api/v1/catalog/store/1/item/45107/image/1673878808/170.jpg,https://shop.rema1000.dk/frost,350,GR.,2025-06-01,frikadeller m. rødkål,meatballs m. red cabbage,PUTTING-OFFS,meatballs m. red cabbage PUTTING-OFFS,meatballs m. red cabbage PUTTING-OFFS,Cabbage,Cabbage (0.59),Sausage (0.49),Pork Chops (0.44),False
Rema1000,THAIBOX RED CURRY,27.95,FÆRDIGRETTER,https://api.digital.rema1000.dk/api/v1/catalog/store/1/item/44851/image/1695721874/170.jpg,https://shop.rema1000.dk/frost,350,GR.,2025-06-01,thaibox red curry,thaibox red curry,PUTTING-OFFS,thaibox red curry PUTTING-OFFS,thaibox red curry PUTTING-OFFS,Chicken Mixed Cuts,Chicken Mixed Cuts (0.32),Ketchup (0.32),Chicken Drumsticks (0.31),False
Rema1000,KYLLING M. SKYSAUCE,32.95,FÆRDIGRETTER,https://api.digital.rema1000.dk/api/v1/catalog/store/1/item/45113/image/1739194214/170.jpg,https://shop.rema1000.dk/frost,450,GR.,2025-06-01,kylling m. skysauce,chicken with skysauce,PUTTING-OFFS,chicken with skysauce PUTTING-OFFS,chicken with skysauce PUTTING-OFFS,Chicken Mixed Cuts,Chicken Mixed Cuts (0.56),Chicken Thighs (0.51),Chicken Breast (0.51),False
Rema1000,BØF MED BEARNAISE,32.95,FÆRDIGRETTER,https://api.digital.rema1000.dk/api/v1/catalog/store/1/item/45110/image/1741794091/170.jpg,https://shop.rema1000.dk/frost,450,GR.,2025-06-01,bøf med bearnaise,Beef with bearnaise,PUTTING-OFFS,Beef with bearnaise PUTTING-OFFS,Beef with bearnaise PUTTING-OFFS,Beef Steak,Beef Steak (0.53),Beef Mince (0.48),Sausage (0.41),False
Rema1000,THAIBOX SWEET CHILI TERIYAKI,27.95,FÆRDIGRETTER,https://api.digital.rema1000.dk/api/v1/catalog/store/1/item/44853/image/1695721903/170.jpg,https://shop.rema1000.dk/frost,320,GR.,2025-06-01,thaibox sweet chili teriyaki,thaibox sweet chili teriyaki,PUTTING-OFFS,thaibox sweet chili teriyaki PUTTING-OFFS,thaibox sweet chili teriyaki PUTTING-OFFS,Chili Peppers,Chili Peppers (0.38),Ketchup (0.33),Chicken Mixed Cuts (0.30),False
Rema1000,BIKSEMAD,29.95,FÆRDIGRETTER,https://api.digital.rema1000.dk/api/v1/catalog/store/1/item/45032/image/1695298779/170.jpg,https://shop.rema1000.dk/frost,500,GR.,2025-06-01,biksemad,Biksemad,PUTTING-OFFS,Biksemad PUTTING-OFFS,Biksemad PUTTING-OFFS,Buns,Buns (0.26),Trash Bags (0.24),Knækbrød (0.24),False
Rema1000,RISOTTO M/SVAMPE,14.95,FÆRDIGRETTER,https://api.digital.rema1000.dk/api/v1/catalog/store/1/item/42176/image/1618239282/170.jpg,https://shop.rema1000.dk/frost,400,GR.,2025-06-01,risotto m/svampe,risotto w/fungus,PUTTING-OFFS,risotto w/fungus PUTTING-OFFS,risotto w/fungus PUTTING-OFFS,Mushrooms,Mushrooms (0.45),Garlic (0.39),Tomato Paste (0.38),False
Rema1000,MILLIONBØF,22.95,FÆRDIGRETTER,https://api.digital.rema1000.dk/api/v1/catalog/store/1/item/45103/image/1618239321/170.jpg,https://shop.rema1000.dk/frost,350,GR.,2025-06-01,millionbøf,millions of steak,PUTTING-OFFS,millions of steak PUTTING-OFFS,millions of steak PUTTING-OFFS,Beef Steak,Beef Steak (0.57),Pork Chops (0.41),Potatoes (0.37),False
Rema1000,MØRBRAD A LA CREME,32.95,FÆRDIGRETTER,https://api.digital.rema1000.dk/api/v1/catalog/store/1/item/45112/image/1738317996/170.jpg,https://shop.rema1000.dk/frost,450,GR.,2025-06-01,mørbrad a la creme,tenderloin a la cream,PUTTING-OFFS,tenderloin a la cream PUTTING-OFFS,tenderloin a la cream PUTTING-OFFS,Whipping Cream,Whipping Cream (0.44),Cream Cheese (0.40),Ice Cream (0.36),False
Rema1000,FETTUCCINE FUNGHI,17.95,FÆRDIGRETTER,https://api.digital.rema1000.dk/api/v1/catalog/store/1/item/45094/image/1618239320/170.jpg,https://shop.rema1000.dk/frost,350,GR.,2025-06-01,fettuccine funghi,fettuccine funghi,PUTTING-OFFS,fettuccine funghi PUTTING-OFFS,fettuccine funghi PUTTING-OFFS,Pasta,Pasta (0.39),Feta Cheese (0.38),Pasta Sauce (0.38),False
Rema1000,KYLLING MED BEARNAISE,32.95,FÆRDIGRETTER,https://api.digital.rema1000.dk/api/v1/catalog/store/1/item/45111/image/1738742959/170.jpg,https://shop.rema1000.dk/frost,450,GR.,2025-06-01,kylling med bearnaise,Chicken with bearnaise,PUTTING-OFFS,Chicken with bearnaise PUTTING-OFFS,Chicken with bearnaise PUTTING-OFFS,Chicken Mixed Cuts,Chicken Mixed Cuts (0.58),Chicken Breast (0.56),Chicken Drumsticks (0.52),False
Rema1000,BRÆNDENDE KÆRLIGHED,19.95,FÆRDIGRETTER,https://api.digital.rema1000.dk/api/v1/catalog/store/1/item/45101/image/1618239320/170.jpg,https://shop.rema1000.dk/frost,350,GR.,2025-06-01,brændende kærlighed,Burning Love,PUTTING-OFFS,Burning Love PUTTING-OFFS,Burning Love PUTTING-OFFS,Butter,Butter (0.29),Cold Cuts (0.26),Fish Cakes (0.23),False
Rema1000,TIKKA MASALA,29.95,FÆRDIGRETTER,https://api.digital.rema1000.dk/api/v1/catalog/store/1/item/44868/image/1742306884/170.jpg,https://shop.rema1000.dk/frost,350,GR.,2025-06-01,tikka masala,tikka masala,PUTTING-OFFS,tikka masala PUTTING-OFFS,tikka masala PUTTING-OFFS,Pasta Sauce,Pasta Sauce (0.27),Pasta (0.26),Spaghetti (0.24),False
Rema1000,RISOTTO MED SPINAT,14.95,FÆRDIGRETTER,https://api.digital.rema1000.dk/api/v1/catalog/store/1/item/42175/image/1618239282/170.jpg,https://shop.rema1000.dk/frost,400,GR.,2025-06-01,risotto med spinat,risotto with spinach,PUTTING-OFFS,risotto with spinach PUTTING-OFFS,risotto with spinach PUTTING-OFFS,Spinach,Spinach (0.51),Pasta Salad (0.43),Mixed Salad (0.41),False
Rema1000,THAIBOX TOM YUM,27.95,FÆRDIGRETTER,https://api.digital.rema1000.dk/api/v1/catalog/store/1/item/44852/image/1728464386/170.jpg,https://shop.rema1000.dk/frost,320,GR.,2025-06-01,thaibox tom yum,thaibox tom yum,PUTTING-OFFS,thaibox tom yum PUTTING-OFFS,thaibox tom yum PUTTING-OFFS,Tinned Tomatoes,Tinned Tomatoes (0.28),Tomato Paste (0.28),Rice (0.28),False
Rema1000,BROCCOLI,13.95,"GRØNTSAGER, FRUGT & BÆR",https://api.digital.rema1000.dk/api/v1/catalog/store/1/item/40770/image/1710938323/170.jpg,https://shop.rema1000.dk/frost,400,GR.,2025-06-01,broccoli,broccoli,"VEGETABLES, FRUIT & BERRY","broccoli VEGETABLES, FRUIT & BERRY","broccoli VEGETABLES, FRUIT & BERRY",Broccoli,Broccoli (0.71),Berries (0.58),Blueberries (0.52),False
Rema1000,FINE ÆRTER,10.0,"GRØNTSAGER, FRUGT & BÆR",https://api.digital.rema1000.dk/api/v1/catalog/store/1/item/40686/image/1725289243/170.jpg,https://shop.rema1000.dk/frost,600,GR.,2025-06-01,fine ærter,fine peas,"VEGETABLES, FRUIT & BERRY","fine peas VEGETABLES, FRUIT & BERRY","fine peas VEGETABLES, FRUIT & BERRY",Peas,Peas (0.61),Berries (0.56),Frozen Vegetables (0.53),False
Rema1000,ÆRTER,13.95,"GRØNTSAGER, FRUGT & BÆR",https://api.digital.rema1000.dk/api/v1/catalog/store/1/item/40804/image/1710860734/170.jpg,https://shop.rema1000.dk/frost,400,GR.,2025-06-01,ærter,Peas,"VEGETABLES, FRUIT & BERRY","Peas VEGETABLES, FRUIT & BERRY","Peas VEGETABLES, FRUIT & BERRY",Peas,Peas (0.66),Berries (0.59),Vegetable Juice (0.55),False
Rema1000,SOJABØNNER,10.0,"GRØNTSAGER, FRUGT & BÆR",https://api.digital.rema1000.dk/api/v1/catalog/store/1/item/40798/image/1713880097/170.jpg,https://shop.rema1000.dk/frost,250,GR.,2025-06-01,sojabønner,soya beans,"VEGETABLES, FRUIT & BERRY","soya beans VEGETABLES, FRUIT & BERRY","soya beans VEGETABLES, FRUIT & BERRY",Berries,Berries (0.58),Baked Beans (0.54),Strawberries (0.52),False
Rema1000,JORDBÆR,14.95,"GRØNTSAGER, FRUGT & BÆR",https://api.digital.rema1000.dk/api/v1/catalog/store/1/item/40861/image/1706623681/170.jpg,https://shop.rema1000.dk/frost,250,GR.,2025-06-01,jordbær,strawberries,"VEGETABLES, FRUIT & BERRY","strawberries VEGETABLES, FRUIT & BERRY","strawberries VEGETABLES, FRUIT & BERRY",Strawberries,Strawberries (0.81),Berries (0.69),Blueberries (0.67),False
Rema1000,WOKBLANDING,13.95,"GRØNTSAGER, FRUGT & BÆR",https://api.digital.rema1000.dk/api/v1/catalog/store/1/item/40768/image/1712668770/170.jpg,https://shop.rema1000.dk/frost,450,GR.,2025-06-01,wokblanding,wokmix,"VEGETABLES, FRUIT & BERRY","wokmix VEGETABLES, FRUIT & BERRY","wokmix VEGETABLES, FRUIT & BERRY",Berries,Berries (0.56),Fruit Mix (0.55),Blueberries (0.48),False
Rema1000,HARICOTS VERTS,13.95,"GRØNTSAGER, FRUGT & BÆR",https://api.digital.rema1000.dk/api/v1/catalog/store/1/item/40844/image/1710862440/170.jpg,https://shop.rema1000.dk/frost,450,GR.,2025-06-01,haricots verts,Haricots verts,"VEGETABLES, FRUIT & BERRY","Haricots verts VEGETABLES, FRUIT & BERRY","Haricots verts VEGETABLES, FRUIT & BERRY",Berries,Berries (0.55),Strawberries (0.46),Blueberries (0.45),False
Rema1000,SOMMERBLANDING,13.95,"GRØNTSAGER, FRUGT & BÆR",https://api.digital.rema1000.dk/api/v1/catalog/store/1/item/40371/image/1618239248/170.jpg,https://shop.rema1000.dk/frost,500,GR.,2025-06-01,sommerblanding,summer mixture,"VEGETABLES, FRUIT & BERRY","summer mixture VEGETABLES, FRUIT & BERRY","summer mixture VEGETABLES, FRUIT & BERRY",Fruit Mix,Fruit Mix (0.61),Berries (0.56),Frozen Mixed Vegetables (0.52),False
Rema1000,HARICOTS VERTS,10.0,"GRØNTSAGER, FRUGT & BÆR",https://api.digital.rema1000.dk/api/v1/catalog/store/1/item/40772/image/1710235485/170.jpg,https://shop.rema1000.dk/frost,600,GR.,2025-06-01,haricots verts,Haricots verts,"VEGETABLES, FRUIT & BERRY","Haricots verts VEGETABLES, FRUIT & BERRY","Haricots verts VEGETABLES, FRUIT & BERRY",Berries,Berries (0.55),Strawberries (0.46),Blueberries (0.45),False
Rema1000,SUPER SØDE MAJS,13.95,"GRØNTSAGER, FRUGT & BÆR",https://api.digital.rema1000.dk/api/v1/catalog/store/1/item/40805/image/1720088980/170.jpg,https://shop.rema1000.dk/frost,400,GR.,2025-06-01,super søde majs,Super cute corn,"VEGETABLES, FRUIT & BERRY","Super cute corn VEGETABLES, FRUIT & BERRY","Super cute corn VEGETABLES, FRUIT & BERRY",Corn,Corn (0.58),Berries (0.52),Tomatoes (0.50),False
Rema1000,BLOMKÅLSRIS,13.95,"GRØNTSAGER, FRUGT & BÆR",https://api.digital.rema1000.dk/api/v1/catalog/store/1/item/40840/image/1715771634/170.jpg,https://shop.rema1000.dk/frost,350,GR.,2025-06-01,blomkålsris,cauliflower rice,"VEGETABLES, FRUIT & BERRY","cauliflower rice VEGETABLES, FRUIT & BERRY","cauliflower rice VEGETABLES, FRUIT & BERRY",Cauliflower,Cauliflower (0.67),Rice (0.56),Berries (0.51),False
Rema1000,RATATOUILLE,13.95,"GRØNTSAGER, FRUGT & BÆR",https://api.digital.rema1000.dk/api/v1/catalog/store/1/item/40292/image/1618239247/170.jpg,https://shop.rema1000.dk/frost,500,GR.,2025-06-01,ratatouille,ratatouille,"VEGETABLES, FRUIT & BERRY","ratatouille VEGETABLES, FRUIT & BERRY","ratatouille VEGETABLES, FRUIT & BERRY",Berries,Berries (0.54),Vegetable Juice (0.49),Blueberries (0.46),False
Rema1000,HELBLADET SPINAT,13.95,"GRØNTSAGER, FRUGT & BÆR",https://api.digital.rema1000.dk/api/v1/catalog/store/1/item/40769/image/1745840631/170.jpg,https://shop.rema1000.dk/frost,450,GR.,2025-06-01,helbladet spinat,Chinese cabbages/pe-tsai/pe-tsai/pe-tsai/pe-tsai/pe-tsai/pe-tsai/pe-tsai/pe-tsai/pe-tsai/pe-tsai/pe-tsai/pe-tsai/pe-tsai/pe-tsai/pe-tsai/pe-tsai/pe-tsai/pe-tsai/pe-tsai,"VEGETABLES, FRUIT & BERRY","Chinese cabbages/pe-tsai/pe-tsai/pe-tsai/pe-tsai/pe-tsai/pe-tsai/pe-tsai/pe-tsai/pe-tsai/pe-tsai/pe-tsai/pe-tsai/pe-tsai/pe-tsai/pe-tsai/pe-tsai/pe-tsai/pe-tsai/pe-tsai VEGETABLES, FRUIT & BERRY","Chinese cabbages/pe-tsai/pe-tsai/pe-tsai/pe-tsai/pe-tsai/pe-tsai/pe-tsai/pe-tsai/pe-tsai/pe-tsai/pe-tsai/pe-tsai/pe-tsai/pe-tsai/pe-tsai/pe-tsai/pe-tsai/pe-tsai/pe-tsai VEGETABLES, FRUIT & BERRY",Cabbage,Cabbage (0.46),Berries (0.41),Carrots (0.40),False
Rema1000,RODFRUGTER,13.95,"GRØNTSAGER, FRUGT & BÆR",https://api.digital.rema1000.dk/api/v1/catalog/store/1/item/40764/image/1712668845/170.jpg,https://shop.rema1000.dk/frost,450,GR.,2025-06-01,rodfrugter,roots,"VEGETABLES, FRUIT & BERRY","roots VEGETABLES, FRUIT & BERRY","roots VEGETABLES, FRUIT & BERRY",Berries,Berries (0.59),Blueberries (0.53),Strawberries (0.52),False
Rema1000,FAJITA BLANDING,13.95,"GRØNTSAGER, FRUGT & BÆR",https://api.digital.rema1000.dk/api/v1/catalog/store/1/item/40378/image/1729678776/170.jpg,https://shop.rema1000.dk/frost,450,GR.,2025-06-01,fajita blanding,fajita mixture,"VEGETABLES, FRUIT & BERRY","fajita mixture VEGETABLES, FRUIT & BERRY","fajita mixture VEGETABLES, FRUIT & BERRY",Fruit Mix,Fruit Mix (0.57),Fruit Juice (Mixed) (0.50),Berries (0.48),False
Rema1000,BROCCOLIBLANDING,10.0,"GRØNTSAGER, FRUGT & BÆR",https://api.digital.rema1000.dk/api/v1/catalog/store/1/item/40774/image/1732104836/170.jpg,https://shop.rema1000.dk/frost,600,GR.,2025-06-01,broccoliblanding,broccoli mixture,"VEGETABLES, FRUIT & BERRY","broccoli mixture VEGETABLES, FRUIT & BERRY","broccoli mixture VEGETABLES, FRUIT & BERRY",Broccoli,Broccoli (0.67),Fruit Mix (0.56),Berries (0.51),False
Rema1000,MANGO,14.95,"GRØNTSAGER, FRUGT & BÆR",https://api.digital.rema1000.dk/api/v1/catalog/store/1/item/40848/image/1704814884/170.jpg,https://shop.rema1000.dk/frost,250,GR.,2025-06-01,mango,mango,"VEGETABLES, FRUIT & BERRY","mango VEGETABLES, FRUIT & BERRY","mango VEGETABLES, FRUIT & BERRY",Mango Juice,Mango Juice (0.66),Berries (0.62),Fruit Mix (0.58),False
Rema1000,GRØNTSAGSBUND,13.95,"GRØNTSAGER, FRUGT & BÆR",https://api.digital.rema1000.dk/api/v1/catalog/store/1/item/40381/image/1729678776/170.jpg,https://shop.rema1000.dk/frost,500,GR.,2025-06-01,grøntsagsbund,vegetable bottom,"VEGETABLES, FRUIT & BERRY","vegetable bottom VEGETABLES, FRUIT & BERRY","vegetable bottom VEGETABLES, FRUIT & BERRY",Berries,Berries (0.54),Vegetable Juice (0.54),Frozen Vegetables (0.52),False
Rema1000,GRILL & OVNGRØNT,14.95,"GRØNTSAGER, FRUGT & BÆR",https://api.digital.rema1000.dk/api/v1/catalog/store/1/item/41661/image/1710760439/170.jpg,https://shop.rema1000.dk/frost,400,GR.,2025-06-01,grill & ovngrønt,barbecue & oven green,"VEGETABLES, FRUIT & BERRY","barbecue & oven green VEGETABLES, FRUIT & BERRY","barbecue & oven green VEGETABLES, FRUIT & BERRY",Berries,Berries (0.47),Baked Beans (0.47),Vegetable Juice (0.45),False
Rema1000,BLÅBÆR,14.95,"GRØNTSAGER, FRUGT & BÆR",https://api.digital.rema1000.dk/api/v1/catalog/store/1/item/40825/image/1618239260/170.jpg,https://shop.rema1000.dk/frost,250,GR.,2025-06-01,blåbær,Blueberries,"VEGETABLES, FRUIT & BERRY","Blueberries VEGETABLES, FRUIT & BERRY","Blueberries VEGETABLES, FRUIT & BERRY",Blueberries,Blueberries (0.81),Berries (0.70),Strawberries (0.66),False
Rema1000,ISVAFLER 4 STK,18.25,IS OG DESSERT,https://api.digital.rema1000.dk/api/v1/catalog/store/1/item/262230/image/1713880344/170.jpg,https://shop.rema1000.dk/frost,440,ML.,2025-06-01,isvafler 4 stk,iswaffles 4 pcs,ICE AND DESSERT,iswaffles 4 pcs ICE AND DESSERT,iswaffles 4 pcs ICE AND DESSERT,Waffles,Waffles (0.52),Ice Cream (0.50),Iced Tea (0.41),False
Rema1000,ISVAFFEL M/FLØDEBOLLE,10.0,IS OG DESSERT,https://api.digital.rema1000.dk/api/v1/catalog/store/1/item/261565/image/1645453601/170.jpg,https://shop.rema1000.dk/frost,160,ML.,2025-06-01,isvaffel m/flødebolle,iswaffle w/creamball,ICE AND DESSERT,iswaffle w/creamball ICE AND DESSERT,iswaffle w/creamball ICE AND DESSERT,Ice Cream,Ice Cream (0.60),Waffles (0.55),Cream Cheese (0.46),False
Rema1000,ISVAFFEL,10.0,IS OG DESSERT,https://api.digital.rema1000.dk/api/v1/catalog/store/1/item/261554/image/1645453776/170.jpg,https://shop.rema1000.dk/frost,140,ML.,2025-06-01,isvaffel,iswaffle,ICE AND DESSERT,iswaffle ICE AND DESSERT,iswaffle ICE AND DESSERT,Ice Cream,Ice Cream (0.55),Waffles (0.54),Iced Tea (0.44),False
Rema1000,ISBÅDE,26.95,IS OG DESSERT,https://api.digital.rema1000.dk/api/v1/catalog/store/1/item/262072/image/1711025680/170.jpg,https://shop.rema1000.dk/frost,520,ML.,2025-06-01,isbåde,iceboats,ICE AND DESSERT,iceboats ICE AND DESSERT,iceboats ICE AND DESSERT,Ice Cream,Ice Cream (0.53),Fish Cakes (0.40),Iced Tea (0.38),False
Rema1000,"SOLBÆRPIND, VANILJE IS",28.95,IS OG DESSERT,https://api.digital.rema1000.dk/api/v1/catalog/store/1/item/262064/image/1711532590/170.jpg,https://shop.rema1000.dk/frost,400,ML.,2025-06-01,"solbærpind, vanilje is","Blackcurrant puddle, vanilla ice",ICE AND DESSERT,"Blackcurrant puddle, vanilla ice ICE AND DESSERT","Blackcurrant puddle, vanilla ice ICE AND DESSERT",Ice Cream,Ice Cream (0.58),Flavored Water (0.47),Iced Tea (0.45),False
Rema1000,MANDEL IS,26.95,IS OG DESSERT,https://api.digital.rema1000.dk/api/v1/catalog/store/1/item/262060/image/1710871212/170.jpg,https://shop.rema1000.dk/frost,440,ML.,2025-06-01,mandel is,Almond ice,ICE AND DESSERT,Almond ice ICE AND DESSERT,Almond ice ICE AND DESSERT,Ice Cream,Ice Cream (0.59),Iced Tea (0.49),Chocolate (0.45),False
Rema1000,CLASSIC IS,26.95,IS OG DESSERT,https://api.digital.rema1000.dk/api/v1/catalog/store/1/item/262061/image/1710871213/170.jpg,https://shop.rema1000.dk/frost,440,ML.,2025-06-01,classic is,classic is,ICE AND DESSERT,classic is ICE AND DESSERT,classic is ICE AND DESSERT,Ice Cream,Ice Cream (0.54),Iced Tea (0.39),Chocolate (0.36),False
Rema1000,HVID LIMONADEIS,5.0,IS OG DESSERT,https://api.digital.rema1000.dk/api/v1/catalog/store/1/item/261559/image/1618572444/170.jpg,https://shop.rema1000.dk/frost,80,ML.,2025-06-01,hvid limonadeis,White lemonadeis,ICE AND DESSERT,White lemonadeis ICE AND DESSERT,White lemonadeis ICE AND DESSERT,Ice Cream,Ice Cream (0.53),Lemons (0.50),Iced Tea (0.48),False
Rema1000,RAKET IS,18.95,IS OG DESSERT,https://api.digital.rema1000.dk/api/v1/catalog/store/1/item/262270/image/1618572454/170.jpg,https://shop.rema1000.dk/frost,400,ML.,2025-06-01,raket is,Rocket ice,ICE AND DESSERT,Rocket ice ICE AND DESSERT,Rocket ice ICE AND DESSERT,Ice Cream,Ice Cream (0.60),Iced Tea (0.44),Chocolate (0.37),False
Rema1000,SOMMER ISVAFLER,26.95,IS OG DESSERT,https://api.digital.rema1000.dk/api/v1/catalog/store/1/item/262254/image/1651596016/170.jpg,https://shop.rema1000.dk/frost,420,ML.,2025-06-01,sommer isvafler,Summer ice cream waffles,ICE AND DESSERT,Summer ice cream waffles ICE AND DESSERT,Summer ice cream waffles ICE AND DESSERT,Ice Cream,Ice Cream (0.67),Waffles (0.58),Whipping Cream (0.45),False
Rema1000,ISTERNINGER,20.0,IS OG DESSERT,https://api.digital.rema1000.dk/api/v1/catalog/store/1/item/260191/image/1618572416/170.jpg,https://shop.rema1000.dk/frost,2000,GR.,2025-06-01,isterninger,Ice cubes,ICE AND DESSERT,Ice cubes ICE AND DESSERT,Ice cubes ICE AND DESSERT,Ice Cream,Ice Cream (0.64),Iced Tea (0.45),Frozen Vegetables (0.39),False
Rema1000,SOMMERHIT,5.0,IS OG DESSERT,https://api.digital.rema1000.dk/api/v1/catalog/store/1/item/261567/image/1622546254/170.jpg,https://shop.rema1000.dk/frost,83,ML.,2025-06-01,sommerhit,summer hit,ICE AND DESSERT,summer hit ICE AND DESSERT,summer hit ICE AND DESSERT,Ice Cream,Ice Cream (0.47),Iced Tea (0.36),Cold Cuts (0.35),False
Rema1000,MINI MIX,26.95,IS OG DESSERT,https://api.digital.rema1000.dk/api/v1/catalog/store/1/item/262062/image/1712069155/170.jpg,https://shop.rema1000.dk/frost,330,ML.,2025-06-01,mini mix,mini mix,ICE AND DESSERT,mini mix ICE AND DESSERT,mini mix ICE AND DESSERT,Ice Cream,Ice Cream (0.56),Iced Tea (0.47),Baking Mix (0.45),False
Rema1000,APPELSIN MINI FLØDEIS,29.95,IS OG DESSERT,https://api.digital.rema1000.dk/api/v1/catalog/store/1/item/262261/image/1618572453/170.jpg,https://shop.rema1000.dk/frost,600,ML.,2025-06-01,appelsin mini flødeis,orange mini cream ice cream,ICE AND DESSERT,orange mini cream ice cream ICE AND DESSERT,orange mini cream ice cream ICE AND DESSERT,Ice Cream,Ice Cream (0.74),Cream Cheese (0.48),Iced Tea (0.45),False
Rema1000,SANDWICH IS,25.95,IS OG DESSERT,https://api.digital.rema1000.dk/api/v1/catalog/store/1/item/262070/image/1710871214/170.jpg,https://shop.rema1000.dk/frost,440,ML.,2025-06-01,sandwich is,sandwich ice cream,ICE AND DESSERT,sandwich ice cream ICE AND DESSERT,sandwich ice cream ICE AND DESSERT,Ice Cream,Ice Cream (0.73),Sandwich Bread (0.52),Cream Cheese (0.52),False
Rema1000,KARAMEL ISBAR,25.95,IS OG DESSERT,https://api.digital.rema1000.dk/api/v1/catalog/store/1/item/262074/image/1740575735/170.jpg,https://shop.rema1000.dk/frost,204,ML.,2025-06-01,karamel isbar,caramel ice bar,ICE AND DESSERT,caramel ice bar ICE AND DESSERT,caramel ice bar ICE AND DESSERT,Ice Cream,Ice Cream (0.62),Iced Tea (0.47),Chocolate (0.45),False
Rema1000,LAKRIDS IS 4 STK,26.95,IS OG DESSERT,https://api.digital.rema1000.dk/api/v1/catalog/store/1/item/262065/image/1719416239/170.jpg,https://shop.rema1000.dk/frost,400,ML.,2025-06-01,lakrids is 4 stk,licorice is 4 pcs,ICE AND DESSERT,licorice is 4 pcs ICE AND DESSERT,licorice is 4 pcs ICE AND DESSERT,Licorice,Licorice (0.68),Ice Cream (0.39),Iced Tea (0.34),False
Rema1000,GRØN LIMONADEIS,5.0,IS OG DESSERT,https://api.digital.rema1000.dk/api/v1/catalog/store/1/item/261560/image/1653310641/170.jpg,https://shop.rema1000.dk/frost,80,ML.,2025-06-01,grøn limonadeis,Green lemonadeis,ICE AND DESSERT,Green lemonadeis ICE AND DESSERT,Green lemonadeis ICE AND DESSERT,Ice Cream,Ice Cream (0.52),Iced Tea (0.49),Lemons (0.49),False
Rema1000,MANDEL IS,8.0,IS OG DESSERT,https://api.digital.rema1000.dk/api/v1/catalog/store/1/item/261562/image/1618572445/170.jpg,https://shop.rema1000.dk/frost,120,ML.,2025-06-01,mandel is,Almond ice,ICE AND DESSERT,Almond ice ICE AND DESSERT,Almond ice ICE AND DESSERT,Ice Cream,Ice Cream (0.59),Iced Tea (0.49),Chocolate (0.45),False
Rema1000,COOKIE DOUGH,27.95,IS OG DESSERT,https://api.digital.rema1000.dk/api/v1/catalog/store/1/item/262071/image/1710871214/170.jpg,https://shop.rema1000.dk/frost,340,ML.,2025-06-01,cookie dough,Cookie dough,ICE AND DESSERT,Cookie dough ICE AND DESSERT,Cookie dough ICE AND DESSERT,Ice Cream,Ice Cream (0.61),Biscuits (0.48),Crispbread (0.47),False
Rema1000,PEPPERONI,29.95,PIZZA,https://api.digital.rema1000.dk/api/v1/catalog/store/1/item/43891/image/1740407363/170.jpg,https://shop.rema1000.dk/frost,400,GR.,2025-06-01,pepperoni,pepperoni,PIZZA,pepperoni PIZZA,pepperoni PIZZA,Pizza,Pizza (0.75),Chili Peppers (0.51),Mozzarella (0.45),False
Rema1000,PEPPERONI PIZZA,26.95,PIZZA,https://api.digital.rema1000.dk/api/v1/catalog/store/1/item/43840/image/1710926815/170.jpg,https://shop.rema1000.dk/frost,468,GR.,2025-06-01,pepperoni pizza,pepperoni pizza,PIZZA,pepperoni pizza PIZZA,pepperoni pizza PIZZA,Pizza,Pizza (0.77),Chili Peppers (0.47),Mozzarella (0.45),False
Rema1000,BOLOGNESE,29.95,PIZZA,https://api.digital.rema1000.dk/api/v1/catalog/store/1/item/43894/image/1740407503/170.jpg,https://shop.rema1000.dk/frost,440,GR.,2025-06-01,bolognese,Bolognese,PIZZA,Bolognese PIZZA,Bolognese PIZZA,Pizza,Pizza (0.61),Pasta (0.54),Mozzarella (0.53),False
Rema1000,KEBAB PIZZA,27.95,PIZZA,https://api.digital.rema1000.dk/api/v1/catalog/store/1/item/43808/image/1710926887/170.jpg,https://shop.rema1000.dk/frost,484,GR.,2025-06-01,kebab pizza,kebab pizza,PIZZA,kebab pizza PIZZA,kebab pizza PIZZA,Pizza,Pizza (0.68),Mozzarella (0.47),Ketchup (0.44),False
Rema1000,PATATE MASCARPONE,29.95,PIZZA,https://api.digital.rema1000.dk/api/v1/catalog/store/1/item/43896/image/1732716204/170.jpg,https://shop.rema1000.dk/frost,410,GR.,2025-06-01,patate mascarpone,Patate mascarpone,PIZZA,Patate mascarpone PIZZA,Patate mascarpone PIZZA,Pizza,Pizza (0.59),Mozzarella (0.53),Feta Cheese (0.45),False
Rema1000,DIAVOLA,29.95,PIZZA,https://api.digital.rema1000.dk/api/v1/catalog/store/1/item/43889/image/1711459849/170.jpg,https://shop.rema1000.dk/frost,420,GR.,2025-06-01,diavola,Diavola,PIZZA,Diavola PIZZA,Diavola PIZZA,Pizza,Pizza (0.63),Mozzarella (0.50),Feta Cheese (0.45),False
Rema1000,PROSCIUTTO,32.95,PIZZA,https://api.digital.rema1000.dk/api/v1/catalog/store/1/item/43893/image/1714135341/170.jpg,https://shop.rema1000.dk/frost,425,GR.,2025-06-01,prosciutto,prosciutto,PIZZA,prosciutto PIZZA,prosciutto PIZZA,Pizza,Pizza (0.68),Mozzarella (0.49),Pasta Sauce (0.47),False
Rema1000,SALAME PIZZA,49.95,PIZZA,https://api.digital.rema1000.dk/api/v1/catalog/store/1/item/43824/image/1667557200/170.jpg,https://shop.rema1000.dk/frost,640,GR.,2025-06-01,salame pizza,Salame pizza,PIZZA,Salame pizza PIZZA,Salame pizza PIZZA,Pizza,Pizza (0.67),Salami (0.56),Mozzarella (0.44),False
Rema1000,PROSCIUTTO RUCOLA,32.95,PIZZA,https://api.digital.rema1000.dk/api/v1/catalog/store/1/item/43879/image/1706620308/170.jpg,https://shop.rema1000.dk/frost,395,GR.,2025-06-01,prosciutto rucola,prosciutto rucola,PIZZA,prosciutto rucola PIZZA,prosciutto rucola PIZZA,Pizza,Pizza (0.60),Mozzarella (0.47),Pasta (0.46),False
Rema1000,PANCETTA E FUNGHI,29.95,PIZZA,https://api.digital.rema1000.dk/api/v1/catalog/store/1/item/43888/image/1711459912/170.jpg,https://shop.rema1000.dk/frost,420,GR.,2025-06-01,pancetta e funghi,pancetta e funghi,PIZZA,pancetta e funghi PIZZA,pancetta e funghi PIZZA,Pizza,Pizza (0.57),Pasta Sauce (0.46),Pasta (0.45),False
Rema1000,HAWAII PIZZA,49.95,PIZZA,https://api.digital.rema1000.dk/api/v1/catalog/store/1/item/43821/image/1667557203/170.jpg,https://shop.rema1000.dk/frost,710,GR.,2025-06-01,hawaii pizza,Hawaii pizza,PIZZA,Hawaii pizza PIZZA,Hawaii pizza PIZZA,Pizza,Pizza (0.76),Mozzarella (0.50),Pineapple (0.41),False
Rema1000,PIZZA MARGHERITA,29.95,PIZZA,https://api.digital.rema1000.dk/api/v1/catalog/store/1/item/43830/image/1734112808/170.jpg,https://shop.rema1000.dk/frost,640,GR.,2025-06-01,pizza margherita,Pizza margherita,PIZZA,Pizza margherita PIZZA,Pizza margherita PIZZA,Pizza,Pizza (0.74),Mozzarella (0.53),Feta Cheese (0.45),False
Rema1000,MARGHERITA,32.95,PIZZA,https://api.digital.rema1000.dk/api/v1/catalog/store/1/item/43884/image/1711459882/170.jpg,https://shop.rema1000.dk/frost,410,GR.,2025-06-01,margherita,Margherita,PIZZA,Margherita PIZZA,Margherita PIZZA,Pizza,Pizza (0.68),Mozzarella (0.54),Feta Cheese (0.47),False
Rema1000,PIZZA PEPPERONI,34.95,PIZZA,https://api.digital.rema1000.dk/api/v1/catalog/store/1/item/43905/image/1618239304/170.jpg,https://shop.rema1000.dk/frost,317,GR.,2025-06-01,pizza pepperoni,pizza pepperoni,PIZZA,pizza pepperoni PIZZA,pizza pepperoni PIZZA,Pizza,Pizza (0.78),Chili Peppers (0.46),Mozzarella (0.46),False
Rema1000,POMMES FRITES,17.95,KARTOFLER,https://api.digital.rema1000.dk/api/v1/catalog/store/1/item/42116/image/1697705980/170.jpg,https://shop.rema1000.dk/frost,1000,GR.,2025-06-01,pommes frites,French fries,KARTOFFS,French fries KARTOFFS,French fries KARTOFFS,Potatoes,Potatoes (0.48),Ketchup (0.44),Chicken Thighs (0.37),False
Rema1000,POMMES FRITES,19.95,KARTOFLER,https://api.digital.rema1000.dk/api/v1/catalog/store/1/item/42150/image/1618239281/170.jpg,https://shop.rema1000.dk/frost,600,GR.,2025-06-01,pommes frites,French fries,KARTOFFS,French fries KARTOFFS,French fries KARTOFFS,Potatoes,Potatoes (0.48),Ketchup (0.44),Chicken Thighs (0.37),False
Rema1000,POMMES FRITES M. BBQ,19.95,KARTOFLER,https://api.digital.rema1000.dk/api/v1/catalog/store/1/item/42111/image/1618239279/170.jpg,https://shop.rema1000.dk/frost,750,GR.,2025-06-01,pommes frites m. bbq,Pommes fries m. bbq,KARTOFFS,Pommes fries m. bbq KARTOFFS,Pommes fries m. bbq KARTOFFS,Potatoes,Potatoes (0.45),Ketchup (0.44),Pork Chops (0.42),False
Rema1000,KARTOFFELSKRUER M.BBQ,17.95,KARTOFLER,https://api.digital.rema1000.dk/api/v1/catalog/store/1/item/42107/image/1618239278/170.jpg,https://shop.rema1000.dk/frost,600,GR.,2025-06-01,kartoffelskruer m.bbq,potato screws etc.bbq,KARTOFFS,potato screws etc.bbq KARTOFFS,potato screws etc.bbq KARTOFFS,Potatoes,Potatoes (0.46),Pork Chops (0.38),Onions (0.34),False
Rema1000,KARTOFFEL RØSTI,19.95,KARTOFLER,https://api.digital.rema1000.dk/api/v1/catalog/store/1/item/42361/image/1745842109/170.jpg,https://shop.rema1000.dk/frost,600,GR.,2025-06-01,kartoffel røsti,potato risti,KARTOFFS,potato risti KARTOFFS,potato risti KARTOFFS,Potatoes,Potatoes (0.66),Cabbage (0.40),Cauliflower (0.38),False
Rema1000,KARTOFFELSKIVER,14.95,KARTOFLER,https://api.digital.rema1000.dk/api/v1/catalog/store/1/item/42117/image/1701096232/170.jpg,https://shop.rema1000.dk/frost,750,GR.,2025-06-01,kartoffelskiver,potato slices,KARTOFFS,potato slices KARTOFFS,potato slices KARTOFFS,Potatoes,Potatoes (0.67),Cheese Slices (0.47),Tomato Paste (0.43),False
Rema1000,KARTOFFELBÅDE M. BBQ,16.95,KARTOFLER,https://api.digital.rema1000.dk/api/v1/catalog/store/1/item/42108/image/1741774568/170.jpg,https://shop.rema1000.dk/frost,600,GR.,2025-06-01,kartoffelbåde m. bbq,potato boats and bbqs,KARTOFFS,potato boats and bbqs KARTOFFS,potato boats and bbqs KARTOFFS,Potatoes,Potatoes (0.52),Fish Cakes (0.38),Pork Chops (0.35),False
Rema1000,HALVE KARTOFLER,19.95,KARTOFLER,https://api.digital.rema1000.dk/api/v1/catalog/store/1/item/42152/image/1618239281/170.jpg,https://shop.rema1000.dk/frost,600,GR.,2025-06-01,halve kartofler,half potatoes,KARTOFFS,half potatoes KARTOFFS,half potatoes KARTOFFS,Potatoes,Potatoes (0.69),Cabbage (0.40),Carrots (0.39),False
Rema1000,KART. DIPPERS M. PEBER,16.95,KARTOFLER,https://api.digital.rema1000.dk/api/v1/catalog/store/1/item/42102/image/1618239277/170.jpg,https://shop.rema1000.dk/frost,600,GR.,2025-06-01,kart. dippers m. peber,Kart. dippers m. pepper,KARTOFFS,Kart. dippers m. pepper KARTOFFS,Kart. dippers m. pepper KARTOFFS,Chili Peppers,Chili Peppers (0.43),Bell Peppers (0.42),Potatoes (0.38),False
Rema1000,KARTOFFELBÅDE,19.95,KARTOFLER,https://api.digital.rema1000.dk/api/v1/catalog/store/1/item/42151/image/1618239281/170.jpg,https://shop.rema1000.dk/frost,600,GR.,2025-06-01,kartoffelbåde,potato boats,KARTOFFS,potato boats KARTOFFS,potato boats KARTOFFS,Potatoes,Potatoes (0.56),Fish Cakes (0.34),Tuna (Canned) (0.29),False
Rema1000,KARTOFFEL GRATIN,27.95,KARTOFLER,https://api.digital.rema1000.dk/api/v1/catalog/store/1/item/42099/image/1632401913/170.jpg,https://shop.rema1000.dk/frost,360,GR.,2025-06-01,kartoffel gratin,potato gratin,KARTOFFS,potato gratin KARTOFFS,potato gratin KARTOFFS,Potatoes,Potatoes (0.62),Cauliflower (0.41),Tomatoes (0.41),False
Rema1000,KARTOFFEL DIPPERS,19.95,KARTOFLER,https://api.digital.rema1000.dk/api/v1/catalog/store/1/item/42154/image/1692900006/170.jpg,https://shop.rema1000.dk/frost,600,GR.,2025-06-01,kartoffel dippers,Potato dippers,KARTOFFS,Potato dippers KARTOFFS,Potato dippers KARTOFFS,Potatoes,Potatoes (0.62),Pork Chops (0.37),Canned Peaches (0.36),False
Rema1000,KYLLINGEKEBAB,33.95,KØD & FJERKRÆ,https://api.digital.rema1000.dk/api/v1/catalog/store/1/item/250328/image/1618572401/170.jpg,https://shop.rema1000.dk/frost,300,GR.,2025-06-01,kyllingekebab,Chicken kebab,MEAT & POULTRY,Chicken kebab MEAT & POULTRY,Chicken kebab MEAT & POULTRY,Chicken Breast,Chicken Breast (0.52),Chicken Mixed Cuts (0.47),Chicken Drumsticks (0.44),False
Rema1000,KYLLINGESTRIMLER,34.95,KØD & FJERKRÆ,https://api.digital.rema1000.dk/api/v1/catalog/store/1/item/250098/image/1698758395/170.jpg,https://shop.rema1000.dk/frost,350,GR.,2025-06-01,kyllingestrimler,chicken strips,MEAT & POULTRY,chicken strips MEAT & POULTRY,chicken strips MEAT & POULTRY,Chicken Mixed Cuts,Chicken Mixed Cuts (0.63),Chicken Breast (0.55),Chicken Drumsticks (0.53),False
Rema1000,KYLLINGENUGGETS,41.95,KØD & FJERKRÆ,https://api.digital.rema1000.dk/api/v1/catalog/store/1/item/250312/image/1698758396/170.jpg,https://shop.rema1000.dk/frost,750,GR.,2025-06-01,kyllingenuggets,Chicken nuggets,MEAT & POULTRY,Chicken nuggets MEAT & POULTRY,Chicken nuggets MEAT & POULTRY,Chicken Breast,Chicken Breast (0.54),Chicken Drumsticks (0.53),Chicken Mixed Cuts (0.53),False
Rema1000,HELE KYLLINGELÅR,38.95,KØD & FJERKRÆ,https://api.digital.rema1000.dk/api/v1/catalog/store/1/item/250055/image/1734341148/170.jpg,https://shop.rema1000.dk/frost,1250,GR.,2025-06-01,hele kyllingelår,whole chicken thighs,MEAT & POULTRY,whole chicken thighs MEAT & POULTRY,whole chicken thighs MEAT & POULTRY,Chicken Thighs,Chicken Thighs (0.74),Chicken Breast (0.57),Chicken Mixed Cuts (0.56),False
Rema1000,KYLLINGESCHNITZLER,19.95,KØD & FJERKRÆ,https://api.digital.rema1000.dk/api/v1/catalog/store/1/item/250300/image/1747401609/170.jpg,https://shop.rema1000.dk/frost,240,GR.,2025-06-01,kyllingeschnitzler,chicken schnitzler,MEAT & POULTRY,chicken schnitzler MEAT & POULTRY,chicken schnitzler MEAT & POULTRY,Chicken Mixed Cuts,Chicken Mixed Cuts (0.51),Chicken Breast (0.49),Pork Chops (0.45),False
Rema1000,MIDDAGSFRIKADELLER,31.95,KØD & FJERKRÆ,https://api.digital.rema1000.dk/api/v1/catalog/store/1/item/45037/image/1618239316/170.jpg,https://shop.rema1000.dk/frost,480,GR.,2025-06-01,middagsfrikadeller,Dinner meatballs,MEAT & POULTRY,Dinner meatballs MEAT & POULTRY,Dinner meatballs MEAT & POULTRY,Beef Steak,Beef Steak (0.49),Sausage (0.48),Ready Meals (0.46),False
Rema1000,HOTWINGS,39.95,KØD & FJERKRÆ,https://api.digital.rema1000.dk/api/v1/catalog/store/1/item/250064/image/1675783192/170.jpg,https://shop.rema1000.dk/frost,750,GR.,2025-06-01,hotwings,hotwings,MEAT & POULTRY,hotwings MEAT & POULTRY,hotwings MEAT & POULTRY,Chicken Mixed Cuts,Chicken Mixed Cuts (0.48),Pork Mince (0.48),Pork Chops (0.47),False
Rema1000,KARBONADER,34.95,KØD & FJERKRÆ,https://api.digital.rema1000.dk/api/v1/catalog/store/1/item/45047/image/1618239318/170.jpg,https://shop.rema1000.dk/frost,440,GR.,2025-06-01,karbonader,Carbonates,MEAT & POULTRY,Carbonates MEAT & POULTRY,Carbonates MEAT & POULTRY,Tuna (Canned),Tuna (Canned) (0.39),Chicken Mixed Cuts (0.39),Chicken Breast (0.38),False
Rema1000,KYLLINGEDIPPERS M BBQ,24.95,KØD & FJERKRÆ,https://api.digital.rema1000.dk/api/v1/catalog/store/1/item/250297/image/1618572399/170.jpg,https://shop.rema1000.dk/frost,275,GR.,2025-06-01,kyllingedippers m bbq,chicken dippers m bbq,MEAT & POULTRY,chicken dippers m bbq MEAT & POULTRY,chicken dippers m bbq MEAT & POULTRY,Chicken Mixed Cuts,Chicken Mixed Cuts (0.52),Pork Chops (0.50),Chicken Drumsticks (0.48),False
Rema1000,GYROS KEBAB,32.95,KØD & FJERKRÆ,https://api.digital.rema1000.dk/api/v1/catalog/store/1/item/45052/image/1739210408/170.jpg,https://shop.rema1000.dk/frost,300,GR.,2025-06-01,gyros kebab,Gyros kebab,MEAT & POULTRY,Gyros kebab MEAT & POULTRY,Gyros kebab MEAT & POULTRY,Pork Mince,Pork Mince (0.38),Chicken Breast (0.38),Ketchup (0.38),False
Rema1000,MIDDAGSKØDBOLLER,31.95,KØD & FJERKRÆ,https://api.digital.rema1000.dk/api/v1/catalog/store/1/item/45039/image/1672222446/170.jpg,https://shop.rema1000.dk/frost,500,GR.,2025-06-01,middagskødboller,Dinner meatballs,MEAT & POULTRY,Dinner meatballs MEAT & POULTRY,Dinner meatballs MEAT & POULTRY,Beef Steak,Beef Steak (0.49),Sausage (0.48),Ready Meals (0.46),False
Rema1000,KYLLING CORDON BLEU,29.95,KØD & FJERKRÆ,https://api.digital.rema1000.dk/api/v1/catalog/store/1/item/250302/image/1618572399/170.jpg,https://shop.rema1000.dk/frost,300,GR.,2025-06-01,kylling cordon bleu,Chicken cordon bleu,MEAT & POULTRY,Chicken cordon bleu MEAT & POULTRY,Chicken cordon bleu MEAT & POULTRY,Chicken Breast,Chicken Breast (0.50),Chicken Mixed Cuts (0.50),Pork Mince (0.45),False
Rema1000,LEVERPOSTEJ,7.95,KØD & FJERKRÆ,https://api.digital.rema1000.dk/api/v1/catalog/store/1/item/430014/image/1618576424/170.jpg,https://shop.rema1000.dk/frost,250,GR.,2025-06-01,leverpostej,liver pâté,MEAT & POULTRY,liver pâté MEAT & POULTRY,liver pâté MEAT & POULTRY,Liver Pâté,Liver Pâté (0.76),Pork Mince (0.42),Chicken Mixed Cuts (0.39),False
Rema1000,KYLLINGEBURGERBØFFER,39.95,KØD & FJERKRÆ,https://api.digital.rema1000.dk/api/v1/catalog/store/1/item/250330/image/1618572401/170.jpg,https://shop.rema1000.dk/frost,450,GR.,2025-06-01,kyllingeburgerbøffer,Chicken burger steaks,MEAT & POULTRY,Chicken burger steaks MEAT & POULTRY,Chicken burger steaks MEAT & POULTRY,Beef Steak,Beef Steak (0.66),Chicken Breast (0.49),Pork Chops (0.48),False
Rema1000,KYLLINGESPYD,32.95,KØD & FJERKRÆ,https://api.digital.rema1000.dk/api/v1/catalog/store/1/item/250343/image/1618572402/170.jpg,https://shop.rema1000.dk/frost,240,GR.,2025-06-01,kyllingespyd,chicken spears,MEAT & POULTRY,chicken spears MEAT & POULTRY,chicken spears MEAT & POULTRY,Chicken Breast,Chicken Breast (0.57),Chicken Drumsticks (0.54),Chicken Mixed Cuts (0.51),False
Rema1000,DÖNER KEBAB,39.95,KØD & FJERKRÆ,https://api.digital.rema1000.dk/api/v1/catalog/store/1/item/45002/image/1675949094/170.jpg,https://shop.rema1000.dk/frost,400,GR.,2025-06-01,döner kebab,döner kebab,MEAT & POULTRY,döner kebab MEAT & POULTRY,döner kebab MEAT & POULTRY,Pork Mince,Pork Mince (0.41),Pork Chops (0.41),Chicken Mixed Cuts (0.40),False
Rema1000,SMOKEY BBQ WINGS,37.95,KØD & FJERKRÆ,https://api.digital.rema1000.dk/api/v1/catalog/store/1/item/250067/image/1672222509/170.jpg,https://shop.rema1000.dk/frost,600,GR.,2025-06-01,smokey bbq wings,smokey bbq wings,MEAT & POULTRY,smokey bbq wings MEAT & POULTRY,smokey bbq wings MEAT & POULTRY,Pork Chops,Pork Chops (0.44),Beef Steak (0.42),Chicken Drumsticks (0.42),False
Rema1000,MINI FRIKADELLER,32.95,KØD & FJERKRÆ,https://api.digital.rema1000.dk/api/v1/catalog/store/1/item/45046/image/1706177983/170.jpg,https://shop.rema1000.dk/frost,400,GR.,2025-06-01,mini frikadeller,mini meatballs,MEAT & POULTRY,mini meatballs MEAT & POULTRY,mini meatballs MEAT & POULTRY,Beef Mince,Beef Mince (0.51),Pork Mince (0.50),Sausage (0.47),False
Rema1000,KYLLINGEBRYSTFILET,59.95,KØD & FJERKRÆ,https://api.digital.rema1000.dk/api/v1/catalog/store/1/item/250961/image/1671098655/170.jpg,https://shop.rema1000.dk/frost,750,GR.,2025-06-01,kyllingebrystfilet,chicken breast fillet,MEAT & POULTRY,chicken breast fillet MEAT & POULTRY,chicken breast fillet MEAT & POULTRY,Chicken Breast,Chicken Breast (0.70),Chicken Mixed Cuts (0.55),Fish Fillet (0.53),False
Rema1000,SPARERIBS,99.0,KØD & FJERKRÆ,https://api.digital.rema1000.dk/api/v1/catalog/store/1/item/430001/image/1710838574/170.jpg,https://shop.rema1000.dk/frost,1200,GR.,2025-06-01,spareribs,Saveribs,MEAT & POULTRY,Saveribs MEAT & POULTRY,Saveribs MEAT & POULTRY,Beef Mince,Beef Mince (0.45),Chicken Mixed Cuts (0.45),Pork Mince (0.44),False
Rema1000,KØD- OG MELBOLLER,39.95,SUPPE & SUPPEFYLD,https://api.digital.rema1000.dk/api/v1/catalog/store/1/item/41165/image/1727956834/170.jpg,https://shop.rema1000.dk/frost,1000,GR.,2025-06-01,kød- og melboller,meat and meal bollards,SUPPE & SUPPEFYLD,meat and meal bollards SUPPE & SUPPEFYLD,meat and meal bollards SUPPE & SUPPEFYLD,Ready Meals,Ready Meals (0.46),Sausage (0.41),Sandwich Spread (0.40),False
Rema1000,TOMATSUPPE,37.95,SUPPE & SUPPEFYLD,https://api.digital.rema1000.dk/api/v1/catalog/store/1/item/41140/image/1618239270/170.jpg,https://shop.rema1000.dk/frost,1000,GR.,2025-06-01,tomatsuppe,tomato soup,SUPPE & SUPPEFYLD,tomato soup SUPPE & SUPPEFYLD,tomato soup SUPPE & SUPPEFYLD,Tomato Paste,Tomato Paste (0.52),Tomatoes (0.45),Pasta Sauce (0.41),False
Rema1000,HØNSEKØDSSUPPE,19.95,SUPPE & SUPPEFYLD,https://api.digital.rema1000.dk/api/v1/catalog/store/1/item/41161/image/1618239273/170.jpg,https://shop.rema1000.dk/frost,1000,GR.,2025-06-01,hønsekødssuppe,chicken meat soup,SUPPE & SUPPEFYLD,chicken meat soup SUPPE & SUPPEFYLD,chicken meat soup SUPPE & SUPPEFYLD,Chicken Mixed Cuts,Chicken Mixed Cuts (0.43),Chicken Breast (0.42),Sausage (0.42),False
Rema1000,OKSEKØDSSUPPE,19.95,SUPPE & SUPPEFYLD,https://api.digital.rema1000.dk/api/v1/catalog/store/1/item/41160/image/1618239272/170.jpg,https://shop.rema1000.dk/frost,1000,GR.,2025-06-01,oksekødssuppe,beef soup,SUPPE & SUPPEFYLD,beef soup SUPPE & SUPPEFYLD,beef soup SUPPE & SUPPEFYLD,Beef Mince,Beef Mince (0.47),Beef Steak (0.46),Sausage (0.42),False
Rema1000,KØDBOLLER,39.95,SUPPE & SUPPEFYLD,https://api.digital.rema1000.dk/api/v1/catalog/store/1/item/41168/image/1618239274/170.jpg,https://shop.rema1000.dk/frost,800,GR.,2025-06-01,kødboller,Meatballs,SUPPE & SUPPEFYLD,Meatballs SUPPE & SUPPEFYLD,Meatballs SUPPE & SUPPEFYLD,Sausage,Sausage (0.46),Beef Mince (0.40),Sandwich Spread (0.39),False
Rema1000,SUPPEURTER,14.95,SUPPE & SUPPEFYLD,https://api.digital.rema1000.dk/api/v1/catalog/store/1/item/40654/image/1710860527/170.jpg,https://shop.rema1000.dk/frost,600,GR.,2025-06-01,suppeurter,Soup ureter,SUPPE & SUPPEFYLD,Soup ureter SUPPE & SUPPEFYLD,Soup ureter SUPPE & SUPPEFYLD,Sausage,Sausage (0.36),Ketchup (0.34),Yogurt (0.30),False
Rema1000,ASPARGESSUPPE,37.95,SUPPE & SUPPEFYLD,https://api.digital.rema1000.dk/api/v1/catalog/store/1/item/41150/image/1618239271/170.jpg,https://shop.rema1000.dk/frost,1000,GR.,2025-06-01,aspargessuppe,Asparagus soup,SUPPE & SUPPEFYLD,Asparagus soup SUPPE & SUPPEFYLD,Asparagus soup SUPPE & SUPPEFYLD,Mixed Salad,Mixed Salad (0.41),Sausage (0.38),Vegetable Juice (0.37),False
Coop,GRØNTSAGSBUND,14.7,"GRØNTSAGER, FRUGT & BÆR",https://api.digital.rema1000.dk/api/v1/catalog/store/1/item/40381/image/1729678776/170.jpg,https://shop.rema1000.dk/frost,500,GR.,2025-06-01,grøntsagsbund,vegetable bottom,"VEGETABLES, FRUIT & BERRY","vegetable bottom VEGETABLES, FRUIT & BERRY","vegetable bottom VEGETABLES, FRUIT & BERRY",Berries,Berries (0.54),Vegetable Juice (0.54),Frozen Vegetables (0.52),True
Coop,BAGELS CHILI,20.8,BRØD & KAGER,https://api.digital.rema1000.dk/api/v1/catalog/store/1/item/46211/image/1709143206/170.jpg,https://shop.rema1000.dk/frost,400,GR.,2025-06-01,bagels chili,Bagels chili,BRØD & KAGER,Bagels chili BRØD & KAGER,Bagels chili BRØD & KAGER,Chili Peppers,Chili Peppers (0.43),Knækbrød (0.39),Baked Beans (0.36),True
Coop,HALVE KARTOFLER,20.9,KARTOFLER,https://api.digital.rema1000.dk/api/v1/catalog/store/1/item/42152/image/1618239281/170.jpg,https://shop.rema1000.dk/frost,600,GR.,2025-06-01,halve kartofler,half potatoes,KARTOFFS,half potatoes KARTOFFS,half potatoes KARTOFFS,Potatoes,Potatoes (0.69),Cabbage (0.40),Carrots (0.39),True
Coop,ISVAFFEL,11.0,IS OG DESSERT,https://api.digital.rema1000.dk/api/v1/catalog/store/1/item/261554/image/1645453776/170.jpg,https://shop.rema1000.dk/frost,140,ML.,2025-06-01,isvaffel,iswaffle,ICE AND DESSERT,iswaffle ICE AND DESSERT,iswaffle ICE AND DESSERT,Ice Cream,Ice Cream (0.55),Waffles (0.54),Iced Tea (0.44),True
Coop,ISVAFLER 4 STK,17.8,IS OG DESSERT,https://api.digital.rema1000.dk/api/v1/catalog/store/1/item/262230/image/1713880344/170.jpg,https://shop.rema1000.dk/frost,440,ML.,2025-06-01,isvafler 4 stk,iswaffles 4 pcs,ICE AND DESSERT,iswaffles 4 pcs ICE AND DESSERT,iswaffles 4 pcs ICE AND DESSERT,Waffles,Waffles (0.52),Ice Cream (0.50),Iced Tea (0.41),True
Coop,LAKSEFILET 4 X 100G,77.3,FISK & SKALDYR,https://api.digital.rema1000.dk/api/v1/catalog/store/1/item/43275/image/1737655207/170.jpg,https://shop.rema1000.dk/frost,400,GR.,2025-06-01,laksefilet 4 x 100g,salmon fillet 4 x 100g,Fish & Shellfish,salmon fillet 4 x 100g Fish & Shellfish,salmon fillet 4 x 100g Fish & Shellfish,Fish Fillet,Fish Fillet (0.69),Smoked Salmon (0.47),Fish Cakes (0.42),True
Coop,HARICOTS VERTS,10.8,"GRØNTSAGER, FRUGT & BÆR",https://api.digital.rema1000.dk/api/v1/catalog/store/1/item/40772/image/1710235485/170.jpg,https://shop.rema1000.dk/frost,600,GR.,2025-06-01,haricots verts,Haricots verts,"VEGETABLES, FRUIT & BERRY","Haricots verts VEGETABLES, FRUIT & BERRY","Haricots verts VEGETABLES, FRUIT & BERRY",Berries,Berries (0.55),Strawberries (0.46),Blueberries (0.45),True
Coop,KYLLINGEBRYSTFILET,59.5,KØD & FJERKRÆ,https://api.digital.rema1000.dk/api/v1/catalog/store/1/item/250961/image/1671098655/170.jpg,https://shop.rema1000.dk/frost,750,GR.,2025-06-01,kyllingebrystfilet,chicken breast fillet,MEAT & POULTRY,chicken breast fillet MEAT & POULTRY,chicken breast fillet MEAT & POULTRY,Chicken Breast,Chicken Breast (0.70),Chicken Mixed Cuts (0.55),Fish Fillet (0.53),True
Coop,HELBLADET SPINAT,14.3,"GRØNTSAGER, FRUGT & BÆR",https://api.digital.rema1000.dk/api/v1/catalog/store/1/item/40769/image/1745840631/170.jpg,https://shop.rema1000.dk/frost,450,GR.,2025-06-01,helbladet spinat,Chinese cabbages/pe-tsai/pe-tsai/pe-tsai/pe-tsai/pe-tsai/pe-tsai/pe-tsai/pe-tsai/pe-tsai/pe-tsai/pe-tsai/pe-tsai/pe-tsai/pe-tsai/pe-tsai/pe-tsai/pe-tsai/pe-tsai/pe-tsai,"VEGETABLES, FRUIT & BERRY","Chinese cabbages/pe-tsai/pe-tsai/pe-tsai/pe-tsai/pe-tsai/pe-tsai/pe-tsai/pe-tsai/pe-tsai/pe-tsai/pe-tsai/pe-tsai/pe-tsai/pe-tsai/pe-tsai/pe-tsai/pe-tsai/pe-tsai/pe-tsai VEGETABLES, FRUIT & BERRY","Chinese cabbages/pe-tsai/pe-tsai/pe-tsai/pe-tsai/pe-tsai/pe-tsai/pe-tsai/pe-tsai/pe-tsai/pe-tsai/pe-tsai/pe-tsai/pe-tsai/pe-tsai/pe-tsai/pe-tsai/pe-tsai/pe-tsai/pe-tsai VEGETABLES, FRUIT & BERRY",Cabbage,Cabbage (0.46),Berries (0.41),Carrots (0.40),True
Coop,CLASSIC IS,28.5,IS OG DESSERT,https://api.digital.rema1000.dk/api/v1/catalog/store/1/item/262061/image/1710871213/170.jpg,https://shop.rema1000.dk/frost,440,ML.,2025-06-01,classic is,classic is,ICE AND DESSERT,classic is ICE AND DESSERT,classic is ICE AND DESSERT,Ice Cream,Ice Cream (0.54),Iced Tea (0.39),Chocolate (0.36),True
Coop,PIZZA PEPPERONI,35.3,PIZZA,https://api.digital.rema1000.dk/api/v1/catalog/store/1/item/43905/image/1618239304/170.jpg,https://shop.rema1000.dk/frost,317,GR.,2025-06-01,pizza pepperoni,pizza pepperoni,PIZZA,pizza pepperoni PIZZA,pizza pepperoni PIZZA,Pizza,Pizza (0.78),Chili Peppers (0.46),Mozzarella (0.46),True
Coop,"SURDEJSBOLLER, STENSOVNSBAGTE",12.3,BRØD & KAGER,https://api.digital.rema1000.dk/api/v1/catalog/store/1/item/46101/image/1721412005/170.jpg,https://shop.rema1000.dk/frost,420,GR.,2025-06-01,"surdejsboller, stensovnsbagte","Sourdough balls, stone oven baked",BRØD & KAGER,"Sourdough balls, stone oven baked BRØD & KAGER","Sourdough balls, stone oven baked BRØD & KAGER",Baked Beans,Baked Beans (0.41),Baking Mix (0.40),Knækbrød (0.37),True
Coop,PASTA CARBONARA,17.3,FÆRDIGRETTER,https://api.digital.rema1000.dk/api/v1/catalog/store/1/item/45095/image/1618239320/170.jpg,https://shop.rema1000.dk/frost,350,GR.,2025-06-01,pasta carbonara,pasta carbonara,PUTTING-OFFS,pasta carbonara PUTTING-OFFS,pasta carbonara PUTTING-OFFS,Pasta,Pasta (0.62),Pasta Sauce (0.58),Pasta Salad (0.50),True
Coop,FOCACCIA PEPPERONI,27.7,BRØD & KAGER,https://api.digital.rema1000.dk/api/v1/catalog/store/1/item/43800/image/1683894449/170.jpg,https://shop.rema1000.dk/frost,400,GR.,2025-06-01,focaccia pepperoni,focaccia pepperoni,BRØD & KAGER,focaccia pepperoni BRØD & KAGER,focaccia pepperoni BRØD & KAGER,Chili Peppers,Chili Peppers (0.39),Cauliflower (0.36),Pizza (0.36),True
Coop,FOCACCIA M/HAVSALT,15.7,BRØD & KAGER,https://api.digital.rema1000.dk/api/v1/catalog/store/1/item/46445/image/1635780073/170.jpg,https://shop.rema1000.dk/frost,280,GR.,2025-06-01,focaccia m/havsalt,Focaccia m/ha,BRØD & KAGER,Focaccia m/ha BRØD & KAGER,Focaccia m/ha BRØD & KAGER,Knækbrød,Knækbrød (0.45),Frikadeller (0.37),Parmesan (0.28),True
Coop,BROCCOLI,14.7,"GRØNTSAGER, FRUGT & BÆR",https://api.digital.rema1000.dk/api/v1/catalog/store/1/item/40770/image/1710938323/170.jpg,https://shop.rema1000.dk/frost,400,GR.,2025-06-01,broccoli,broccoli,"VEGETABLES, FRUIT & BERRY","broccoli VEGETABLES, FRUIT & BERRY","broccoli VEGETABLES, FRUIT & BERRY",Broccoli,Broccoli (0.71),Berries (0.58),Blueberries (0.52),True
Coop,KYLLINGESPYD,32.0,KØD & FJERKRÆ,https://api.digital.rema1000.dk/api/v1/catalog/store/1/item/250343/image/1618572402/170.jpg,https://shop.rema1000.dk/frost,240,GR.,2025-06-01,kyllingespyd,chicken spears,MEAT & POULTRY,chicken spears MEAT & POULTRY,chicken spears MEAT & POULTRY,Chicken Breast,Chicken Breast (0.57),Chicken Drumsticks (0.54),Chicken Mixed Cuts (0.51),True
Coop,RODFRUGTER,13.4,"GRØNTSAGER, FRUGT & BÆR",https://api.digital.rema1000.dk/api/v1/catalog/store/1/item/40764/image/1712668845/170.jpg,https://shop.rema1000.dk/frost,450,GR.,2025-06-01,rodfrugter,roots,"VEGETABLES, FRUIT & BERRY","roots VEGETABLES, FRUIT & BERRY","roots VEGETABLES, FRUIT & BERRY",Berries,Berries (0.59),Blueberries (0.53),Strawberries (0.52),True
Coop,THAIBOX TOM YUM,28.2,FÆRDIGRETTER,https://api.digital.rema1000.dk/api/v1/catalog/store/1/item/44852/image/1728464386/170.jpg,https://shop.rema1000.dk/frost,320,GR.,2025-06-01,thaibox tom yum,thaibox tom yum,PUTTING-OFFS,thaibox tom yum PUTTING-OFFS,thaibox tom yum PUTTING-OFFS,Tinned Tomatoes,Tinned Tomatoes (0.28),Tomato Paste (0.28),Rice (0.28),True
Coop,GYROS KEBAB,34.2,KØD & FJERKRÆ,https://api.digital.rema1000.dk/api/v1/catalog/store/1/item/45052/image/1739210408/170.jpg,https://shop.rema1000.dk/frost,300,GR.,2025-06-01,gyros kebab,Gyros kebab,MEAT & POULTRY,Gyros kebab MEAT & POULTRY,Gyros kebab MEAT & POULTRY,Pork Mince,Pork Mince (0.38),Chicken Breast (0.38),Ketchup (0.38),True
Coop,VANNAMEI REJER RÅ,24.7,FISK & SKALDYR,https://api.digital.rema1000.dk/api/v1/catalog/store/1/item/43249/image/1618239293/170.jpg,https://shop.rema1000.dk/frost,200,GR.,2025-06-01,vannamei rejer rå,Vannamei shrimp raw,Fish & Shellfish,Vannamei shrimp raw Fish & Shellfish,Vannamei shrimp raw Fish & Shellfish,Fish Fillet,Fish Fillet (0.44),Fish Cakes (0.41),Tuna (Canned) (0.38),True
Coop,KYLLINGESTRIMLER,37.1,KØD & FJERKRÆ,https://api.digital.rema1000.dk/api/v1/catalog/store/1/item/250098/image/1698758395/170.jpg,https://shop.rema1000.dk/frost,350,GR.,2025-06-01,kyllingestrimler,chicken strips,MEAT & POULTRY,chicken strips MEAT & POULTRY,chicken strips MEAT & POULTRY,Chicken Mixed Cuts,Chicken Mixed Cuts (0.63),Chicken Breast (0.55),Chicken Drumsticks (0.53),True
Coop,VANNAMEI REJER KOGTE,24.0,FISK & SKALDYR,https://api.digital.rema1000.dk/api/v1/catalog/store/1/item/43250/image/1618239293/170.jpg,https://shop.rema1000.dk/frost,200,GR.,2025-06-01,vannamei rejer kogte,Vannamei shrimp cooked,Fish & Shellfish,Vannamei shrimp cooked Fish & Shellfish,Vannamei shrimp cooked Fish & Shellfish,Fish Cakes,Fish Cakes (0.44),Fish Fillet (0.43),Smoked Salmon (0.39),True
Coop,MIDDAGSFRIKADELLER,32.2,KØD & FJERKRÆ,https://api.digital.rema1000.dk/api/v1/catalog/store/1/item/45037/image/1618239316/170.jpg,https://shop.rema1000.dk/frost,480,GR.,2025-06-01,middagsfrikadeller,Dinner meatballs,MEAT & POULTRY,Dinner meatballs MEAT & POULTRY,Dinner meatballs MEAT & POULTRY,Beef Steak,Beef Steak (0.49),Sausage (0.48),Ready Meals (0.46),True
Coop,HOTWINGS,41.6,KØD & FJERKRÆ,https://api.digital.rema1000.dk/api/v1/catalog/store/1/item/250064/image/1675783192/170.jpg,https://shop.rema1000.dk/frost,750,GR.,2025-06-01,hotwings,hotwings,MEAT & POULTRY,hotwings MEAT & POULTRY,hotwings MEAT & POULTRY,Chicken Mixed Cuts,Chicken Mixed Cuts (0.48),Pork Mince (0.48),Pork Chops (0.47),True
Coop,HØNSEKØDSSUPPE,21.3,SUPPE & SUPPEFYLD,https://api.digital.rema1000.dk/api/v1/catalog/store/1/item/41161/image/1618239273/170.jpg,https://shop.rema1000.dk/frost,1000,GR.,2025-06-01,hønsekødssuppe,chicken meat soup,SUPPE & SUPPEFYLD,chicken meat soup SUPPE & SUPPEFYLD,chicken meat soup SUPPE & SUPPEFYLD,Chicken Mixed Cuts,Chicken Mixed Cuts (0.43),Chicken Breast (0.42),Sausage (0.42),True
Coop,POMMES FRITES,19.6,KARTOFLER,https://api.digital.rema1000.dk/api/v1/catalog/store/1/item/42116/image/1697705980/170.jpg,https://shop.rema1000.dk/frost,1000,GR.,2025-06-01,pommes frites,French fries,KARTOFFS,French fries KARTOFFS,French fries KARTOFFS,Potatoes,Potatoes (0.48),Ketchup (0.44),Chicken Thighs (0.37),True
Coop,DIAVOLA,32.6,PIZZA,https://api.digital.rema1000.dk/api/v1/catalog/store/1/item/43889/image/1711459849/170.jpg,https://shop.rema1000.dk/frost,420,GR.,2025-06-01,diavola,Diavola,PIZZA,Diavola PIZZA,Diavola PIZZA,Pizza,Pizza (0.63),Mozzarella (0.50),Feta Cheese (0.45),True
Coop,THAIBOX SWEET CHILI TERIYAKI,30.3,FÆRDIGRETTER,https://api.digital.rema1000.dk/api/v1/catalog/store/1/item/44853/image/1695721903/170.jpg,https://shop.rema1000.dk/frost,320,GR.,2025-06-01,thaibox sweet chili teriyaki,thaibox sweet chili teriyaki,PUTTING-OFFS,thaibox sweet chili teriyaki PUTTING-OFFS,thaibox sweet chili teriyaki PUTTING-OFFS,Chili Peppers,Chili Peppers (0.38),Ketchup (0.33),Chicken Mixed Cuts (0.30),True
Coop,STORE VESTERHAVS RØDSPÆTTER,47.2,FISK & SKALDYR,https://api.digital.rema1000.dk/api/v1/catalog/store/1/item/43006/image/1730205747/170.jpg,https://shop.rema1000.dk/frost,500,GR.,2025-06-01,store vesterhavs rødspætter,Greater Western plaice,Fish & Shellfish,Greater Western plaice Fish & Shellfish,Greater Western plaice Fish & Shellfish,Fish Fillet,Fish Fillet (0.51),Fish Cakes (0.42),Smoked Salmon (0.35),True
Coop,FISH AND CRISP,43.3,FISK & SKALDYR,https://api.digital.rema1000.dk/api/v1/catalog/store/1/item/43015/image/1742234408/170.jpg,https://shop.rema1000.dk/frost,480,GR.,2025-06-01,fish and crisp,fish and crisp,Fish & Shellfish,fish and crisp Fish & Shellfish,fish and crisp Fish & Shellfish,Fish Fillet,Fish Fillet (0.59),Fish Cakes (0.56),Smoked Salmon (0.49),True
Coop,KANELSNEGLE,12.2,BRØD & KAGER,https://api.digital.rema1000.dk/api/v1/catalog/store/1/item/45515/image/1679649595/170.jpg,https://shop.rema1000.dk/frost,340,GR.,2025-06-01,kanelsnegle,Cinnamon snails,BRØD & KAGER,Cinnamon snails BRØD & KAGER,Cinnamon snails BRØD & KAGER,Knækbrød,Knækbrød (0.43),Buns (0.33),Cottage Cheese (0.31),True
Coop,SUPER SØDE MAJS,14.4,"GRØNTSAGER, FRUGT & BÆR",https://api.digital.rema1000.dk/api/v1/catalog/store/1/item/40805/image/1720088980/170.jpg,https://shop.rema1000.dk/frost,400,GR.,2025-06-01,super søde majs,Super cute corn,"VEGETABLES, FRUIT & BERRY","Super cute corn VEGETABLES, FRUIT & BERRY","Super cute corn VEGETABLES, FRUIT & BERRY",Corn,Corn (0.58),Berries (0.52),Tomatoes (0.50),True
Coop,MØLLEHJUL,12.0,BRØD & KAGER,https://api.digital.rema1000.dk/api/v1/catalog/store/1/item/46250/image/1668438243/170.jpg,https://shop.rema1000.dk/frost,420,GR.,2025-06-01,møllehjul,mill wheels,BRØD & KAGER,mill wheels BRØD & KAGER,mill wheels BRØD & KAGER,Knækbrød,Knækbrød (0.43),Frikadeller (0.29),Wheat Flour (0.21),True
Coop,THAIBOX RED CURRY,27.2,FÆRDIGRETTER,https://api.digital.rema1000.dk/api/v1/catalog/store/1/item/44851/image/1695721874/170.jpg,https://shop.rema1000.dk/frost,350,GR.,2025-06-01,thaibox red curry,thaibox red curry,PUTTING-OFFS,thaibox red curry PUTTING-OFFS,thaibox red curry PUTTING-OFFS,Chicken Mixed Cuts,Chicken Mixed Cuts (0.32),Ketchup (0.32),Chicken Drumsticks (0.31),True
Coop,PANCETTA E FUNGHI,29.6,PIZZA,https://api.digital.rema1000.dk/api/v1/catalog/store/1/item/43888/image/1711459912/170.jpg,https://shop.rema1000.dk/frost,420,GR.,2025-06-01,pancetta e funghi,pancetta e funghi,PIZZA,pancetta e funghi PIZZA,pancetta e funghi PIZZA,Pizza,Pizza (0.57),Pasta Sauce (0.46),Pasta (0.45),True
Coop,KYLLING MED BEARNAISE,32.8,FÆRDIGRETTER,https://api.digital.rema1000.dk/api/v1/catalog/store/1/item/45111/image/1738742959/170.jpg,https://shop.rema1000.dk/frost,450,GR.,2025-06-01,kylling med bearnaise,Chicken with bearnaise,PUTTING-OFFS,Chicken with bearnaise PUTTING-OFFS,Chicken with bearnaise PUTTING-OFFS,Chicken Mixed Cuts,Chicken Mixed Cuts (0.58),Chicken Breast (0.56),Chicken Drumsticks (0.52),True
Coop,INDBAGTE REJER M.,21.9,FISK & SKALDYR,https://api.digital.rema1000.dk/api/v1/catalog/store/1/item/42990/image/1618239286/170.jpg,https://shop.rema1000.dk/frost,250,GR.,2025-06-01,indbagte rejer m.,baked shrimp m,Fish & Shellfish,baked shrimp m Fish & Shellfish,baked shrimp m Fish & Shellfish,Fish Cakes,Fish Cakes (0.58),Fish Fillet (0.49),Smoked Salmon (0.45),True
Coop,HÅNDVÆRKERE,16.7,BRØD & KAGER,https://api.digital.rema1000.dk/api/v1/catalog/store/1/item/46647/image/1618239347/170.jpg,https://shop.rema1000.dk/frost,600,GR.,2025-06-01,håndværkere,artisans,BRØD & KAGER,artisans BRØD & KAGER,artisans BRØD & KAGER,Knækbrød,Knækbrød (0.50),Frikadeller (0.34),Parmesan (0.26),True
Coop,TUNSTEAKS,26.3,FISK & SKALDYR,https://api.digital.rema1000.dk/api/v1/catalog/store/1/item/43362/image/1733392378/170.jpg,https://shop.rema1000.dk/frost,225,GR.,2025-06-01,tunsteaks,tuna steaks,Fish & Shellfish,tuna steaks Fish & Shellfish,tuna steaks Fish & Shellfish,Tuna (Canned),Tuna (Canned) (0.69),Beef Steak (0.55),Fish Cakes (0.50),True
Coop,KARTOFFEL GRATIN,30.3,KARTOFLER,https://api.digital.rema1000.dk/api/v1/catalog/store/1/item/42099/image/1632401913/170.jpg,https://shop.rema1000.dk/frost,360,GR.,2025-06-01,kartoffel gratin,potato gratin,KARTOFFS,potato gratin KARTOFFS,potato gratin KARTOFFS,Potatoes,Potatoes (0.62),Cauliflower (0.41),Tomatoes (0.41),True
Coop,SOMMER ISVAFLER,28.3,IS OG DESSERT,https://api.digital.rema1000.dk/api/v1/catalog/store/1/item/262254/image/1651596016/170.jpg,https://shop.rema1000.dk/frost,420,ML.,2025-06-01,sommer isvafler,Summer ice cream waffles,ICE AND DESSERT,Summer ice cream waffles ICE AND DESSERT,Summer ice cream waffles ICE AND DESSERT,Ice Cream,Ice Cream (0.67),Waffles (0.58),Whipping Cream (0.45),True
Coop,ISTERNINGER,21.8,IS OG DESSERT,https://api.digital.rema1000.dk/api/v1/catalog/store/1/item/260191/image/1618572416/170.jpg,https://shop.rema1000.dk/frost,2000,GR.,2025-06-01,isterninger,Ice cubes,ICE AND DESSERT,Ice cubes ICE AND DESSERT,Ice cubes ICE AND DESSERT,Ice Cream,Ice Cream (0.64),Iced Tea (0.45),Frozen Vegetables (0.39),True
Coop,CHOKO CROISSANT,25.1,BRØD & KAGER,https://api.digital.rema1000.dk/api/v1/catalog/store/1/item/45486/image/1618239322/170.jpg,https://shop.rema1000.dk/frost,180,GR.,2025-06-01,choko croissant,Shoco croissant,BRØD & KAGER,Shoco croissant BRØD & KAGER,Shoco croissant BRØD & KAGER,Knækbrød,Knækbrød (0.47),Parmesan (0.32),Bread Crumbs (0.30),True
Coop,MINIFLUTES,14.7,BRØD & KAGER,https://api.digital.rema1000.dk/api/v1/catalog/store/1/item/46644/image/1745842289/170.jpg,https://shop.rema1000.dk/frost,750,GR.,2025-06-01,miniflutes,miniflutes,BRØD & KAGER,miniflutes BRØD & KAGER,miniflutes BRØD & KAGER,Knækbrød,Knækbrød (0.47),Frikadeller (0.33),Beef Mince (0.26),True
Coop,MANDEL IS,27.5,IS OG DESSERT,https://api.digital.rema1000.dk/api/v1/catalog/store/1/item/262060/image/1710871212/170.jpg,https://shop.rema1000.dk/frost,440,ML.,2025-06-01,mandel is,Almond ice,ICE AND DESSERT,Almond ice ICE AND DESSERT,Almond ice ICE AND DESSERT,Ice Cream,Ice Cream (0.59),Iced Tea (0.49),Chocolate (0.45),True
Coop,MIDDAGSKØDBOLLER,33.6,KØD & FJERKRÆ,https://api.digital.rema1000.dk/api/v1/catalog/store/1/item/45039/image/1672222446/170.jpg,https://shop.rema1000.dk/frost,500,GR.,2025-06-01,middagskødboller,Dinner meatballs,MEAT & POULTRY,Dinner meatballs MEAT & POULTRY,Dinner meatballs MEAT & POULTRY,Beef Steak,Beef Steak (0.49),Sausage (0.48),Ready Meals (0.46),True
Coop,KØD- OG MELBOLLER,43.9,SUPPE & SUPPEFYLD,https://api.digital.rema1000.dk/api/v1/catalog/store/1/item/41165/image/1727956834/170.jpg,https://shop.rema1000.dk/frost,1000,GR.,2025-06-01,kød- og melboller,meat and meal bollards,SUPPE & SUPPEFYLD,meat and meal bollards SUPPE & SUPPEFYLD,meat and meal bollards SUPPE & SUPPEFYLD,Ready Meals,Ready Meals (0.46),Sausage (0.41),Sandwich Spread (0.40),True
Coop,BLÅBÆR,14.7,"GRØNTSAGER, FRUGT & BÆR",https://api.digital.rema1000.dk/api/v1/catalog/store/1/item/40825/image/1618239260/170.jpg,https://shop.rema1000.dk/frost,250,GR.,2025-06-01,blåbær,Blueberries,"VEGETABLES, FRUIT & BERRY","Blueberries VEGETABLES, FRUIT & BERRY","Blueberries VEGETABLES, FRUIT & BERRY",Blueberries,Blueberries (0.81),Berries (0.70),Strawberries (0.66),True
Coop,MARGHERITA,33.7,PIZZA,https://api.digital.rema1000.dk/api/v1/catalog/store/1/item/43884/image/1711459882/170.jpg,https://shop.rema1000.dk/frost,410,GR.,2025-06-01,margherita,Margherita,PIZZA,Margherita PIZZA,Margherita PIZZA,Pizza,Pizza (0.68),Mozzarella (0.54),Feta Cheese (0.47),True
Coop,COOKIE DOUGH,27.7,IS OG DESSERT,https://api.digital.rema1000.dk/api/v1/catalog/store/1/item/262071/image/1710871214/170.jpg,https://shop.rema1000.dk/frost,340,ML.,2025-06-01,cookie dough,Cookie dough,ICE AND DESSERT,Cookie dough ICE AND DESSERT,Cookie dough ICE AND DESSERT,Ice Cream,Ice Cream (0.61),Biscuits (0.48),Crispbread (0.47),True
Coop,PROSCIUTTO RUCOLA,31.6,PIZZA,https://api.digital.rema1000.dk/api/v1/catalog/store/1/item/43879/image/1706620308/170.jpg,https://shop.rema1000.dk/frost,395,GR.,2025-06-01,prosciutto rucola,prosciutto rucola,PIZZA,prosciutto rucola PIZZA,prosciutto rucola PIZZA,Pizza,Pizza (0.60),Mozzarella (0.47),Pasta (0.46),True
Coop,BLOMKÅLSRIS,13.3,"GRØNTSAGER, FRUGT & BÆR",https://api.digital.rema1000.dk/api/v1/catalog/store/1/item/40840/image/1715771634/170.jpg,https://shop.rema1000.dk/frost,350,GR.,2025-06-01,blomkålsris,cauliflower rice,"VEGETABLES, FRUIT & BERRY","cauliflower rice VEGETABLES, FRUIT & BERRY","cauliflower rice VEGETABLES, FRUIT & BERRY",Cauliflower,Cauliflower (0.67),Rice (0.56),Berries (0.51),True
Coop,HVIDLØGSBAGUETTES,14.6,BRØD & KAGER,https://api.digital.rema1000.dk/api/v1/catalog/store/1/item/46612/image/1683894491/170.jpg,https://shop.rema1000.dk/frost,350,GR.,2025-06-01,hvidløgsbaguettes,garlic baguettes,BRØD & KAGER,garlic baguettes BRØD & KAGER,garlic baguettes BRØD & KAGER,Garlic,Garlic (0.47),Knækbrød (0.44),Bread Loaf (0.37),True
Coop,SPARERIBS,101.4,KØD & FJERKRÆ,https://api.digital.rema1000.dk/api/v1/catalog/store/1/item/430001/image/1710838574/170.jpg,https://shop.rema1000.dk/frost,1200,GR.,2025-06-01,spareribs,Saveribs,MEAT & POULTRY,Saveribs MEAT & POULTRY,Saveribs MEAT & POULTRY,Beef Mince,Beef Mince (0.45),Chicken Mixed Cuts (0.45),Pork Mince (0.44),True
Coop,RATATOUILLE,14.2,"GRØNTSAGER, FRUGT & BÆR",https://api.digital.rema1000.dk/api/v1/catalog/store/1/item/40292/image/1618239247/170.jpg,https://shop.rema1000.dk/frost,500,GR.,2025-06-01,ratatouille,ratatouille,"VEGETABLES, FRUIT & BERRY","ratatouille VEGETABLES, FRUIT & BERRY","ratatouille VEGETABLES, FRUIT & BERRY",Berries,Berries (0.54),Vegetable Juice (0.49),Blueberries (0.46),True
Coop,PANERET FISK M.REJER,19.4,FISK & SKALDYR,https://api.digital.rema1000.dk/api/v1/catalog/store/1/item/42981/image/1727956557/170.jpg,https://shop.rema1000.dk/frost,250,GR.,2025-06-01,paneret fisk m.rejer,spawned fish shrimps and prawns,Fish & Shellfish,spawned fish shrimps and prawns Fish & Shellfish,spawned fish shrimps and prawns Fish & Shellfish,Fish Fillet,Fish Fillet (0.44),Fish Cakes (0.41),Tuna (Canned) (0.32),True
Coop,PARISERTOAST,20.6,FÆRDIGRETTER,https://api.digital.rema1000.dk/api/v1/catalog/store/1/item/42714/image/1744276898/170.jpg,https://shop.rema1000.dk/frost,200,GR.,2025-06-01,parisertoast,Pariser toast,PUTTING-OFFS,Pariser toast PUTTING-OFFS,Pariser toast PUTTING-OFFS,Toast Bread,Toast Bread (0.52),Bread Crumbs (0.39),Crispbread (0.36),True
Coop,BØF MED BEARNAISE,32.7,FÆRDIGRETTER,https://api.digital.rema1000.dk/api/v1/catalog/store/1/item/45110/image/1741794091/170.jpg,https://shop.rema1000.dk/frost,450,GR.,2025-06-01,bøf med bearnaise,Beef with bearnaise,PUTTING-OFFS,Beef with bearnaise PUTTING-OFFS,Beef with bearnaise PUTTING-OFFS,Beef Steak,Beef Steak (0.53),Beef Mince (0.48),Sausage (0.41),True
Coop,JORDBÆR,16.2,"GRØNTSAGER, FRUGT & BÆR",https://api.digital.rema1000.dk/api/v1/catalog/store/1/item/40861/image/1706623681/170.jpg,https://shop.rema1000.dk/frost,250,GR.,2025-06-01,jordbær,strawberries,"VEGETABLES, FRUIT & BERRY","strawberries VEGETABLES, FRUIT & BERRY","strawberries VEGETABLES, FRUIT & BERRY",Strawberries,Strawberries (0.81),Berries (0.69),Blueberries (0.67),True
Coop,KYLLINGEKEBAB,35.1,KØD & FJERKRÆ,https://api.digital.rema1000.dk/api/v1/catalog/store/1/item/250328/image/1618572401/170.jpg,https://shop.rema1000.dk/frost,300,GR.,2025-06-01,kyllingekebab,Chicken kebab,MEAT & POULTRY,Chicken kebab MEAT & POULTRY,Chicken kebab MEAT & POULTRY,Chicken Breast,Chicken Breast (0.52),Chicken Mixed Cuts (0.47),Chicken Drumsticks (0.44),True
Coop,TORPEDOREJER,26.2,FISK & SKALDYR,https://api.digital.rema1000.dk/api/v1/catalog/store/1/item/43086/image/1689950694/170.jpg,https://shop.rema1000.dk/frost,160,GR.,2025-06-01,torpedorejer,Torpedo shrimps,Fish & Shellfish,Torpedo shrimps Fish & Shellfish,Torpedo shrimps Fish & Shellfish,Fish Fillet,Fish Fillet (0.46),Fish Cakes (0.45),Smoked Salmon (0.39),True
Coop,FISKEPINDE,27.9,FISK & SKALDYR,https://api.digital.rema1000.dk/api/v1/catalog/store/1/item/43022/image/1672752058/170.jpg,https://shop.rema1000.dk/frost,450,GR.,2025-06-01,fiskepinde,Fish sticks,Fish & Shellfish,Fish sticks Fish & Shellfish,Fish sticks Fish & Shellfish,Fish Fillet,Fish Fillet (0.60),Fish Cakes (0.54),Smoked Salmon (0.45),True
Coop,INDBAGT LAKS,21.8,FISK & SKALDYR,https://api.digital.rema1000.dk/api/v1/catalog/store/1/item/42980/image/1618239286/170.jpg,https://shop.rema1000.dk/frost,250,GR.,2025-06-01,indbagt laks,baked salmon,Fish & Shellfish,baked salmon Fish & Shellfish,baked salmon Fish & Shellfish,Smoked Salmon,Smoked Salmon (0.67),Fish Cakes (0.63),Fish Fillet (0.54),True
Coop,GRØN LIMONADEIS,5.4,IS OG DESSERT,https://api.digital.rema1000.dk/api/v1/catalog/store/1/item/261560/image/1653310641/170.jpg,https://shop.rema1000.dk/frost,80,ML.,2025-06-01,grøn limonadeis,Green lemonadeis,ICE AND DESSERT,Green lemonadeis ICE AND DESSERT,Green lemonadeis ICE AND DESSERT,Ice Cream,Ice Cream (0.52),Iced Tea (0.49),Lemons (0.49),True
Coop,THAIBOX PANANG,28.8,FÆRDIGRETTER,https://api.digital.rema1000.dk/api/v1/catalog/store/1/item/44850/image/1695721854/170.jpg,https://shop.rema1000.dk/frost,350,GR.,2025-06-01,thaibox panang,thaibox panang,PUTTING-OFFS,thaibox panang PUTTING-OFFS,thaibox panang PUTTING-OFFS,Chicken Drumsticks,Chicken Drumsticks (0.25),Chicken Mixed Cuts (0.22),Ketchup (0.21),True
Coop,MANDEL IS,7.7,IS OG DESSERT,https://api.digital.rema1000.dk/api/v1/catalog/store/1/item/261562/image/1618572445/170.jpg,https://shop.rema1000.dk/frost,120,ML.,2025-06-01,mandel is,Almond ice,ICE AND DESSERT,Almond ice ICE AND DESSERT,Almond ice ICE AND DESSERT,Ice Cream,Ice Cream (0.59),Iced Tea (0.49),Chocolate (0.45),True
Coop,SMOKEY BBQ WINGS,40.0,KØD & FJERKRÆ,https://api.digital.rema1000.dk/api/v1/catalog/store/1/item/250067/image/1672222509/170.jpg,https://shop.rema1000.dk/frost,600,GR.,2025-06-01,smokey bbq wings,smokey bbq wings,MEAT & POULTRY,smokey bbq wings MEAT & POULTRY,smokey bbq wings MEAT & POULTRY,Pork Chops,Pork Chops (0.44),Beef Steak (0.42),Chicken Drumsticks (0.42),True
Coop,RISOTTO M/SVAMPE,15.3,FÆRDIGRETTER,https://api.digital.rema1000.dk/api/v1/catalog/store/1/item/42176/image/1618239282/170.jpg,https://shop.rema1000.dk/frost,400,GR.,2025-06-01,risotto m/svampe,risotto w/fungus,PUTTING-OFFS,risotto w/fungus PUTTING-OFFS,risotto w/fungus PUTTING-OFFS,Mushrooms,Mushrooms (0.45),Garlic (0.39),Tomato Paste (0.38),True
Coop,PEPPERONI,28.6,PIZZA,https://api.digital.rema1000.dk/api/v1/catalog/store/1/item/43891/image/1740407363/170.jpg,https://shop.rema1000.dk/frost,400,GR.,2025-06-01,pepperoni,pepperoni,PIZZA,pepperoni PIZZA,pepperoni PIZZA,Pizza,Pizza (0.75),Chili Peppers (0.51),Mozzarella (0.45),True
Coop,POMMES FRITES M. BBQ,20.1,KARTOFLER,https://api.digital.rema1000.dk/api/v1/catalog/store/1/item/42111/image/1618239279/170.jpg,https://shop.rema1000.dk/frost,750,GR.,2025-06-01,pommes frites m. bbq,Pommes fries m. bbq,KARTOFFS,Pommes fries m. bbq KARTOFFS,Pommes fries m. bbq KARTOFFS,Potatoes,Potatoes (0.45),Ketchup (0.44),Pork Chops (0.42),True
Coop,INDBAGT VILDLAKS,47.1,FISK & SKALDYR,https://api.digital.rema1000.dk/api/v1/catalog/store/1/item/42975/image/1618239286/170.jpg,https://shop.rema1000.dk/frost,500,GR.,2025-06-01,indbagt vildlaks,baked wild salmon,Fish & Shellfish,baked wild salmon Fish & Shellfish,baked wild salmon Fish & Shellfish,Smoked Salmon,Smoked Salmon (0.66),Fish Cakes (0.60),Fish Fillet (0.51),True
Coop,BOLOGNESE,31.3,PIZZA,https://api.digital.rema1000.dk/api/v1/catalog/store/1/item/43894/image/1740407503/170.jpg,https://shop.rema1000.dk/frost,440,GR.,2025-06-01,bolognese,Bolognese,PIZZA,Bolognese PIZZA,Bolognese PIZZA,Pizza,Pizza (0.61),Pasta (0.54),Mozzarella (0.53),True
Coop,OKSEKØDSSUPPE,19.4,SUPPE & SUPPEFYLD,https://api.digital.rema1000.dk/api/v1/catalog/store/1/item/41160/image/1618239272/170.jpg,https://shop.rema1000.dk/frost,1000,GR.,2025-06-01,oksekødssuppe,beef soup,SUPPE & SUPPEFYLD,beef soup SUPPE & SUPPEFYLD,beef soup SUPPE & SUPPEFYLD,Beef Mince,Beef Mince (0.47),Beef Steak (0.46),Sausage (0.42),True
Coop,HARICOTS VERTS,14.2,"GRØNTSAGER, FRUGT & BÆR",https://api.digital.rema1000.dk/api/v1/catalog/store/1/item/40844/image/1710862440/170.jpg,https://shop.rema1000.dk/frost,450,GR.,2025-06-01,haricots verts,Haricots verts,"VEGETABLES, FRUIT & BERRY","Haricots verts VEGETABLES, FRUIT & BERRY","Haricots verts VEGETABLES, FRUIT & BERRY",Berries,Berries (0.55),Strawberries (0.46),Blueberries (0.45),True
Coop,RAKET IS,19.4,IS OG DESSERT,https://api.digital.rema1000.dk/api/v1/catalog/store/1/item/262270/image/1618572454/170.jpg,https://shop.rema1000.dk/frost,400,ML.,2025-06-01,raket is,Rocket ice,ICE AND DESSERT,Rocket ice ICE AND DESSERT,Rocket ice ICE AND DESSERT,Ice Cream,Ice Cream (0.60),Iced Tea (0.44),Chocolate (0.37),True
Coop,KARTOFFELBÅDE,20.1,KARTOFLER,https://api.digital.rema1000.dk/api/v1/catalog/store/1/item/42151/image/1618239281/170.jpg,https://shop.rema1000.dk/frost,600,GR.,2025-06-01,kartoffelbåde,potato boats,KARTOFFS,potato boats KARTOFFS,potato boats KARTOFFS,Potatoes,Potatoes (0.56),Fish Cakes (0.34),Tuna (Canned) (0.29),True
Coop,TIKKA MASALA,29.2,FÆRDIGRETTER,https://api.digital.rema1000.dk/api/v1/catalog/store/1/item/44868/image/1742306884/170.jpg,https://shop.rema1000.dk/frost,350,GR.,2025-06-01,tikka masala,tikka masala,PUTTING-OFFS,tikka masala PUTTING-OFFS,tikka masala PUTTING-OFFS,Pasta Sauce,Pasta Sauce (0.27),Pasta (0.26),Spaghetti (0.24),True
Coop,GRILLET MADBRØD,21.7,BRØD & KAGER,https://api.digital.rema1000.dk/api/v1/catalog/store/1/item/46355/image/1725977979/170.jpg,https://shop.rema1000.dk/frost,600,GR.,2025-06-01,grillet madbrød,barbecued bread,BRØD & KAGER,barbecued bread BRØD & KAGER,barbecued bread BRØD & KAGER,Bread Loaf,Bread Loaf (0.53),Sandwich Bread (0.52),Toast Bread (0.51),True
Coop,SUPPEURTER,16.3,SUPPE & SUPPEFYLD,https://api.digital.rema1000.dk/api/v1/catalog/store/1/item/40654/image/1710860527/170.jpg,https://shop.rema1000.dk/frost,600,GR.,2025-06-01,suppeurter,Soup ureter,SUPPE & SUPPEFYLD,Soup ureter SUPPE & SUPPEFYLD,Soup ureter SUPPE & SUPPEFYLD,Sausage,Sausage (0.36),Ketchup (0.34),Yogurt (0.30),True
Coop,DÖNER KEBAB,38.1,KØD & FJERKRÆ,https://api.digital.rema1000.dk/api/v1/catalog/store/1/item/45002/image/1675949094/170.jpg,https://shop.rema1000.dk/frost,400,GR.,2025-06-01,döner kebab,döner kebab,MEAT & POULTRY,döner kebab MEAT & POULTRY,döner kebab MEAT & POULTRY,Pork Mince,Pork Mince (0.41),Pork Chops (0.41),Chicken Mixed Cuts (0.40),True
Coop,MØRBRAD A LA CREME,31.5,FÆRDIGRETTER,https://api.digital.rema1000.dk/api/v1/catalog/store/1/item/45112/image/1738317996/170.jpg,https://shop.rema1000.dk/frost,450,GR.,2025-06-01,mørbrad a la creme,tenderloin a la cream,PUTTING-OFFS,tenderloin a la cream PUTTING-OFFS,tenderloin a la cream PUTTING-OFFS,Whipping Cream,Whipping Cream (0.44),Cream Cheese (0.40),Ice Cream (0.36),True
Coop,SILDEFILETER,25.8,FISK & SKALDYR,https://api.digital.rema1000.dk/api/v1/catalog/store/1/item/42916/image/1700575263/170.jpg,https://shop.rema1000.dk/frost,400,GR.,2025-06-01,sildefileter,herring fillets,Fish & Shellfish,herring fillets Fish & Shellfish,herring fillets Fish & Shellfish,Fish Fillet,Fish Fillet (0.74),Fish Cakes (0.50),Smoked Salmon (0.42),True
Coop,"SOLBÆRPIND, VANILJE IS",30.6,IS OG DESSERT,https://api.digital.rema1000.dk/api/v1/catalog/store/1/item/262064/image/1711532590/170.jpg,https://shop.rema1000.dk/frost,400,ML.,2025-06-01,"solbærpind, vanilje is","Blackcurrant puddle, vanilla ice",ICE AND DESSERT,"Blackcurrant puddle, vanilla ice ICE AND DESSERT","Blackcurrant puddle, vanilla ice ICE AND DESSERT",Ice Cream,Ice Cream (0.58),Flavored Water (0.47),Iced Tea (0.45),True
Coop,ISVAFFEL M/FLØDEBOLLE,10.2,IS OG DESSERT,https://api.digital.rema1000.dk/api/v1/catalog/store/1/item/261565/image/1645453601/170.jpg,https://shop.rema1000.dk/frost,160,ML.,2025-06-01,isvaffel m/flødebolle,iswaffle w/creamball,ICE AND DESSERT,iswaffle w/creamball ICE AND DESSERT,iswaffle w/creamball ICE AND DESSERT,Ice Cream,Ice Cream (0.60),Waffles (0.55),Cream Cheese (0.46),True
Coop,DANSK LAKSEFILET,73.4,FISK & SKALDYR,https://api.digital.rema1000.dk/api/v1/catalog/store/1/item/43274/image/1737655207/170.jpg,https://shop.rema1000.dk/frost,400,GR.,2025-06-01,laksefilet,salmon fillet,Fish & Shellfish,salmon fillet Fish & Shellfish,salmon fillet Fish & Shellfish,Fish Fillet,Fish Fillet (0.76),Smoked Salmon (0.56),Fish Cakes (0.49),True
Coop,KARTOFFELSKRUER M.BBQ,19.3,KARTOFLER,https://api.digital.rema1000.dk/api/v1/catalog/store/1/item/42107/image/1618239278/170.jpg,https://shop.rema1000.dk/frost,600,GR.,2025-06-01,kartoffelskruer m.bbq,potato screws etc.bbq,KARTOFFS,potato screws etc.bbq KARTOFFS,potato screws etc.bbq KARTOFFS,Potatoes,Potatoes (0.46),Pork Chops (0.38),Onions (0.34),True
Coop,HVIDLØGSBAGUETTES,16.5,BRØD & KAGER,https://api.digital.rema1000.dk/api/v1/catalog/store/1/item/46615/image/1618239346/170.jpg,https://shop.rema1000.dk/frost,350,GR.,2025-06-01,hvidløgsbaguettes,garlic baguettes,BRØD & KAGER,garlic baguettes BRØD & KAGER,garlic baguettes BRØD & KAGER,Garlic,Garlic (0.47),Knækbrød (0.44),Bread Loaf (0.37),True
Coop,KYLLING M. SKYSAUCE,32.7,FÆRDIGRETTER,https://api.digital.rema1000.dk/api/v1/catalog/store/1/item/45113/image/1739194214/170.jpg,https://shop.rema1000.dk/frost,450,GR.,2025-06-01,kylling m. skysauce,chicken with skysauce,PUTTING-OFFS,chicken with skysauce PUTTING-OFFS,chicken with skysauce PUTTING-OFFS,Chicken Mixed Cuts,Chicken Mixed Cuts (0.56),Chicken Thighs (0.51),Chicken Breast (0.51),True
Coop,FAJITA BLANDING,13.8,"GRØNTSAGER, FRUGT & BÆR",https://api.digital.rema1000.dk/api/v1/catalog/store/1/item/40378/image/1729678776/170.jpg,https://shop.rema1000.dk/frost,450,GR.,2025-06-01,fajita blanding,fajita mixture,"VEGETABLES, FRUIT & BERRY","fajita mixture VEGETABLES, FRUIT & BERRY","fajita mixture VEGETABLES, FRUIT & BERRY",Fruit Mix,Fruit Mix (0.57),Fruit Juice (Mixed) (0.50),Berries (0.48),True
Coop,PEPPERONI PIZZA,28.8,PIZZA,https://api.digital.rema1000.dk/api/v1/catalog/store/1/item/43840/image/1710926815/170.jpg,https://shop.rema1000.dk/frost,468,GR.,2025-06-01,pepperoni pizza,pepperoni pizza,PIZZA,pepperoni pizza PIZZA,pepperoni pizza PIZZA,Pizza,Pizza (0.77),Chili Peppers (0.47),Mozzarella (0.45),True
Coop,HVID LIMONADEIS,5.2,IS OG DESSERT,https://api.digital.rema1000.dk/api/v1/catalog/store/1/item/261559/image/1618572444/170.jpg,https://shop.rema1000.dk/frost,80,ML.,2025-06-01,hvid limonadeis,White lemonadeis,ICE AND DESSERT,White lemonadeis ICE AND DESSERT,White lemonadeis ICE AND DESSERT,Ice Cream,Ice Cream (0.53),Lemons (0.50),Iced Tea (0.48),True
Coop,KYLLING CORDON BLEU,30.3,KØD & FJERKRÆ,https://api.digital.rema1000.dk/api/v1/catalog/store/1/item/250302/image/1618572399/170.jpg,https://shop.rema1000.dk/frost,300,GR.,2025-06-01,kylling cordon bleu,Chicken cordon bleu,MEAT & POULTRY,Chicken cordon bleu MEAT & POULTRY,Chicken cordon bleu MEAT & POULTRY,Chicken Breast,Chicken Breast (0.50),Chicken Mixed Cuts (0.50),Pork Mince (0.45),True
Coop,LEVERPOSTEJ,8.3,KØD & FJERKRÆ,https://api.digital.rema1000.dk/api/v1/catalog/store/1/item/430014/image/1618576424/170.jpg,https://shop.rema1000.dk/frost,250,GR.,2025-06-01,leverpostej,liver pâté,MEAT & POULTRY,liver pâté MEAT & POULTRY,liver pâté MEAT & POULTRY,Liver Pâté,Liver Pâté (0.76),Pork Mince (0.42),Chicken Mixed Cuts (0.39),True
Coop,APPELSIN MINI FLØDEIS,29.0,IS OG DESSERT,https://api.digital.rema1000.dk/api/v1/catalog/store/1/item/262261/image/1618572453/170.jpg,https://shop.rema1000.dk/frost,600,ML.,2025-06-01,appelsin mini flødeis,orange mini cream ice cream,ICE AND DESSERT,orange mini cream ice cream ICE AND DESSERT,orange mini cream ice cream ICE AND DESSERT,Ice Cream,Ice Cream (0.74),Cream Cheese (0.48),Iced Tea (0.45),True
Coop,FULDKORNS MINIFLUTES,15.8,BRØD & KAGER,https://api.digital.rema1000.dk/api/v1/catalog/store/1/item/46646/image/1618239347/170.jpg,https://shop.rema1000.dk/frost,600,GR.,2025-06-01,fuldkorns miniflutes,whole grain miniflutes,BRØD & KAGER,whole grain miniflutes BRØD & KAGER,whole grain miniflutes BRØD & KAGER,Wheat Flour,Wheat Flour (0.38),Rye Flour (0.37),Beef Mince (0.36),True
Coop,SMØRCROISSANT,27.1,BRØD & KAGER,https://api.digital.rema1000.dk/api/v1/catalog/store/1/item/45485/image/1725289306/170.jpg,https://shop.rema1000.dk/frost,280,GR.,2025-06-01,smørcroissant,Butter croissant,BRØD & KAGER,Butter croissant BRØD & KAGER,Butter croissant BRØD & KAGER,Butter,Butter (0.52),Nut Butter (0.42),Knækbrød (0.40),True
Coop,KART. DIPPERS M. PEBER,18.3,KARTOFLER,https://api.digital.rema1000.dk/api/v1/catalog/store/1/item/42102/image/1618239277/170.jpg,https://shop.rema1000.dk/frost,600,GR.,2025-06-01,kart. dippers m. peber,Kart. dippers m. pepper,KARTOFFS,Kart. dippers m. pepper KARTOFFS,Kart. dippers m. pepper KARTOFFS,Chili Peppers,Chili Peppers (0.43),Bell Peppers (0.42),Potatoes (0.38),True
Coop,KYLLINGESCHNITZLER,19.6,KØD & FJERKRÆ,https://api.digital.rema1000.dk/api/v1/catalog/store/1/item/250300/image/1747401609/170.jpg,https://shop.rema1000.dk/frost,240,GR.,2025-06-01,kyllingeschnitzler,chicken schnitzler,MEAT & POULTRY,chicken schnitzler MEAT & POULTRY,chicken schnitzler MEAT & POULTRY,Chicken Mixed Cuts,Chicken Mixed Cuts (0.51),Chicken Breast (0.49),Pork Chops (0.45),True
Coop,MORGENBRØD,18.0,BRØD & KAGER,https://api.digital.rema1000.dk/api/v1/catalog/store/1/item/46648/image/1618239347/170.jpg,https://shop.rema1000.dk/frost,600,GR.,2025-06-01,morgenbrød,bread for breakfast,BRØD & KAGER,bread for breakfast BRØD & KAGER,bread for breakfast BRØD & KAGER,Sandwich Bread,Sandwich Bread (0.56),Bread Loaf (0.55),Toast Bread (0.55),True
Coop,HAVRESTYKKE,20.4,BRØD & KAGER,https://api.digital.rema1000.dk/api/v1/catalog/store/1/item/46190/image/1633358508/170.jpg,https://shop.rema1000.dk/frost,510,GR.,2025-06-01,havrestykke,Piece of oat,BRØD & KAGER,Piece of oat BRØD & KAGER,Piece of oat BRØD & KAGER,Knækbrød,Knækbrød (0.48),Cottage Cheese (0.34),Pork Mince (0.33),True
Coop,BOLLER I KARRY,19.9,FÆRDIGRETTER,https://api.digital.rema1000.dk/api/v1/catalog/store/1/item/45102/image/1618239321/170.jpg,https://shop.rema1000.dk/frost,350,GR.,2025-06-01,boller i karry,Buns in curry,PUTTING-OFFS,Buns in curry PUTTING-OFFS,Buns in curry PUTTING-OFFS,Buns,Buns (0.68),Pork Chops (0.40),Sandwich Spread (0.40),True
Coop,MANGO,16.0,"GRØNTSAGER, FRUGT & BÆR",https://api.digital.rema1000.dk/api/v1/catalog/store/1/item/40848/image/1704814884/170.jpg,https://shop.rema1000.dk/frost,250,GR.,2025-06-01,mango,mango,"VEGETABLES, FRUIT & BERRY","mango VEGETABLES, FRUIT & BERRY","mango VEGETABLES, FRUIT & BERRY",Mango Juice,Mango Juice (0.66),Berries (0.62),Fruit Mix (0.58),True
Coop,KYLLINGEBURGERBØFFER,39.3,KØD & FJERKRÆ,https://api.digital.rema1000.dk/api/v1/catalog/store/1/item/250330/image/1618572401/170.jpg,https://shop.rema1000.dk/frost,450,GR.,2025-06-01,kyllingeburgerbøffer,Chicken burger steaks,MEAT & POULTRY,Chicken burger steaks MEAT & POULTRY,Chicken burger steaks MEAT & POULTRY,Beef Steak,Beef Steak (0.66),Chicken Breast (0.49),Pork Chops (0.48),True
Coop,PITA BRØD,13.0,BRØD & KAGER,https://api.digital.rema1000.dk/api/v1/catalog/store/1/item/46336/image/1731088806/170.jpg,https://shop.rema1000.dk/frost,400,GR.,2025-06-01,pita brød,Pita bread,BRØD & KAGER,Pita bread BRØD & KAGER,Pita bread BRØD & KAGER,Sandwich Bread,Sandwich Bread (0.51),Bread Loaf (0.49),Rye Bread (0.49),True
Coop,POMMES FRITES,19.9,KARTOFLER,https://api.digital.rema1000.dk/api/v1/catalog/store/1/item/42150/image/1618239281/170.jpg,https://shop.rema1000.dk/frost,600,GR.,2025-06-01,pommes frites,French fries,KARTOFFS,French fries KARTOFFS,French fries KARTOFFS,Potatoes,Potatoes (0.48),Ketchup (0.44),Chicken Thighs (0.37),True
Coop,PATATE MASCARPONE,28.7,PIZZA,https://api.digital.rema1000.dk/api/v1/catalog/store/1/item/43896/image/1732716204/170.jpg,https://shop.rema1000.dk/frost,410,GR.,2025-06-01,patate mascarpone,Patate mascarpone,PIZZA,Patate mascarpone PIZZA,Patate mascarpone PIZZA,Pizza,Pizza (0.59),Mozzarella (0.53),Feta Cheese (0.45),True
Coop,SOFT PITABRØD,13.6,BRØD & KAGER,https://api.digital.rema1000.dk/api/v1/catalog/store/1/item/41488/image/1731520807/170.jpg,https://shop.rema1000.dk/frost,375,GR.,2025-06-01,soft pitabrød,soft pita bread,BRØD & KAGER,soft pita bread BRØD & KAGER,soft pita bread BRØD & KAGER,Sandwich Bread,Sandwich Bread (0.51),Rye Bread (0.49),Bread Loaf (0.49),True
Coop,SOMMERBLANDING,14.0,"GRØNTSAGER, FRUGT & BÆR",https://api.digital.rema1000.dk/api/v1/catalog/store/1/item/40371/image/1618239248/170.jpg,https://shop.rema1000.dk/frost,500,GR.,2025-06-01,sommerblanding,summer mixture,"VEGETABLES, FRUIT & BERRY","summer mixture VEGETABLES, FRUIT & BERRY","summer mixture VEGETABLES, FRUIT & BERRY",Fruit Mix,Fruit Mix (0.61),Berries (0.56),Frozen Mixed Vegetables (0.52),True
Coop,RISOTTO MED SPINAT,14.8,FÆRDIGRETTER,https://api.digital.rema1000.dk/api/v1/catalog/store/1/item/42175/image/1618239282/170.jpg,https://shop.rema1000.dk/frost,400,GR.,2025-06-01,risotto med spinat,risotto with spinach,PUTTING-OFFS,risotto with spinach PUTTING-OFFS,risotto with spinach PUTTING-OFFS,Spinach,Spinach (0.51),Pasta Salad (0.43),Mixed Salad (0.41),True
Coop,HELE KYLLINGELÅR,41.0,KØD & FJERKRÆ,https://api.digital.rema1000.dk/api/v1/catalog/store/1/item/250055/image/1734341148/170.jpg,https://shop.rema1000.dk/frost,1250,GR.,2025-06-01,hele kyllingelår,whole chicken thighs,MEAT & POULTRY,whole chicken thighs MEAT & POULTRY,whole chicken thighs MEAT & POULTRY,Chicken Thighs,Chicken Thighs (0.74),Chicken Breast (0.57),Chicken Mixed Cuts (0.56),True
Coop,FETTUCCINE FUNGHI,17.4,FÆRDIGRETTER,https://api.digital.rema1000.dk/api/v1/catalog/store/1/item/45094/image/1618239320/170.jpg,https://shop.rema1000.dk/frost,350,GR.,2025-06-01,fettuccine funghi,fettuccine funghi,PUTTING-OFFS,fettuccine funghi PUTTING-OFFS,fettuccine funghi PUTTING-OFFS,Pasta,Pasta (0.39),Feta Cheese (0.38),Pasta Sauce (0.38),True
Coop,KARTOFFEL RØSTI,21.3,KARTOFLER,https://api.digital.rema1000.dk/api/v1/catalog/store/1/item/42361/image/1745842109/170.jpg,https://shop.rema1000.dk/frost,600,GR.,2025-06-01,kartoffel røsti,potato risti,KARTOFFS,potato risti KARTOFFS,potato risti KARTOFFS,Potatoes,Potatoes (0.66),Cabbage (0.40),Cauliflower (0.38),True
Coop,BIKSEMAD,31.6,FÆRDIGRETTER,https://api.digital.rema1000.dk/api/v1/catalog/store/1/item/45032/image/1695298779/170.jpg,https://shop.rema1000.dk/frost,500,GR.,2025-06-01,biksemad,Biksemad,PUTTING-OFFS,Biksemad PUTTING-OFFS,Biksemad PUTTING-OFFS,Buns,Buns (0.26),Trash Bags (0.24),Knækbrød (0.24),True
Coop,KARTOFFELSKIVER,15.9,KARTOFLER,https://api.digital.rema1000.dk/api/v1/catalog/store/1/item/42117/image/1701096232/170.jpg,https://shop.rema1000.dk/frost,750,GR.,2025-06-01,kartoffelskiver,potato slices,KARTOFFS,potato slices KARTOFFS,potato slices KARTOFFS,Potatoes,Potatoes (0.67),Cheese Slices (0.47),Tomato Paste (0.43),True
Coop,WOKBLANDING,15.1,"GRØNTSAGER, FRUGT & BÆR",https://api.digital.rema1000.dk/api/v1/catalog/store/1/item/40768/image/1712668770/170.jpg,https://shop.rema1000.dk/frost,450,GR.,2025-06-01,wokblanding,wokmix,"VEGETABLES, FRUIT & BERRY","wokmix VEGETABLES, FRUIT & BERRY","wokmix VEGETABLES, FRUIT & BERRY",Berries,Berries (0.56),Fruit Mix (0.55),Blueberries (0.48),True
Coop,KØDBOLLER,41.8,SUPPE & SUPPEFYLD,https://api.digital.rema1000.dk/api/v1/catalog/store/1/item/41168/image/1618239274/170.jpg,https://shop.rema1000.dk/frost,800,GR.,2025-06-01,kødboller,Meatballs,SUPPE & SUPPEFYLD,Meatballs SUPPE & SUPPEFYLD,Meatballs SUPPE & SUPPEFYLD,Sausage,Sausage (0.46),Beef Mince (0.40),Sandwich Spread (0.39),True
Coop,ISBÅDE,28.5,IS OG DESSERT,https://api.digital.rema1000.dk/api/v1/catalog/store/1/item/262072/image/1711025680/170.jpg,https://shop.rema1000.dk/frost,520,ML.,2025-06-01,isbåde,iceboats,ICE AND DESSERT,iceboats ICE AND DESSERT,iceboats ICE AND DESSERT,Ice Cream,Ice Cream (0.53),Fish Cakes (0.40),Iced Tea (0.38),True
Coop,SOJABØNNER,10.3,"GRØNTSAGER, FRUGT & BÆR",https://api.digital.rema1000.dk/api/v1/catalog/store/1/item/40798/image/1713880097/170.jpg,https://shop.rema1000.dk/frost,250,GR.,2025-06-01,sojabønner,soya beans,"VEGETABLES, FRUIT & BERRY","soya beans VEGETABLES, FRUIT & BERRY","soya beans VEGETABLES, FRUIT & BERRY",Berries,Berries (0.58),Baked Beans (0.54),Strawberries (0.52),True
