Retail,Name,Price,Category,Img,Link,Quantity,Unit,Date of Update,Name Cleaned
Coop,Kellogg's morgenmad*,25,,https://image-transformer-api.tjek.com/?_id=v2&h=947&u=s3%3A%2F%2Fsgn-prd-bumblebee%2Ffeed-images%2F67ab51220a8b5df9a6ee91cd3b0b44c5&w=828&s=63eeabc3d54537c0197bd9fe216f9797,,205-500,g,2025-04-27,kelloggs morgenmad
Coop,"365 penne, fusilli",3.65,,https://image-transformer-api.tjek.com/?_id=v2&h=390&u=s3%3A%2F%2Fsgn-prd-bumblebee%2Ffeed-images%2F31fcc9d2a92553173889a285f30bb1a3&w=828&s=1150c49a188370c47609b0866947249c,,500,g,2025-04-27,"penne, fusilli"
Coop,spaghetti,3.65,,https://image-transformer-api.tjek.com/?_id=v2&h=390&u=s3%3A%2F%2Fsgn-prd-bumblebee%2Ffeed-images%2F31fcc9d2a92553173889a285f30bb1a3&w=828&s=1150c49a188370c47609b0866947249c,,500,g,2025-04-27,spaghetti
Coop,Matilde kakaomælk*,3.65,,https://image-transformer-api.tjek.com/?_id=v2&h=390&u=s3%3A%2F%2Fsgn-prd-bumblebee%2Ffeed-images%2Feccedddfe5b91be8e9b3099c1ec23334&w=378&s=86d408bd51c62525496c9a1642a4d90c,,250,ml,2025-04-27,matilde kakaomælk
Coop,Steff Houlberg pølser,20,,https://image-transformer-api.tjek.com/?_id=v2.6&h=390&u=s3%3A%2F%2Fsgn-prd-bumblebee%2Ffeed-images%2F21cc63afb7fb8cfb1b07050a17b0e9bf%2Cs3%3A%2F%2Fsgn-prd-bumblebee%2Ffeed-images%2F8e5c96460350e6c1a67d9b13c18bb024%2Cs3%3A%2F%2Fsgn-prd-bumblebee%2Ffeed-images%2F22dd4837180d72c9e483797a13358096&w=378&s=f3f136fbab548891a7d7632b6e9134d8,,300-400,g,2025-04-27,steff houlberg pølser
Coop,Philadelphia*,12,,https://image-transformer-api.tjek.com/?_id=v2.6&h=947&u=s3%3A%2F%2Fsgn-prd-bumblebee%2Ffeed-images%2F73b65d15fb03f5e20cd94bba0baf1578%2Cs3%3A%2F%2Fsgn-prd-bumblebee%2Ffeed-images%2F05afa81d9deb8ef49b624710aa2e1e10%2Cs3%3A%2F%2Fsgn-prd-bumblebee%2Ffeed-images%2F11eb18ff3a51d1472c7a6432780def38%2Cs3%3A%2F%2Fsgn-prd-bumblebee%2Ffeed-images%2Ffd7abe47affcd12ce47ac5ad10fdf4d8&w=828&s=8bd57a8758d256635606dbaa9cec4eac,,200,g,2025-04-27,philadelphia
Coop,Brød*,12,,https://image-transformer-api.tjek.com/?_id=v2.6&h=390&u=s3%3A%2F%2Fsgn-prd-bumblebee%2Ffeed-images%2F87fcb5fa3e0186dd57fa79ee6e0529f4%2Cs3%3A%2F%2Fsgn-prd-bumblebee%2Ffeed-images%2Fbd7b5ed1e4c0f5943a5f7873b989f96d%2Cs3%3A%2F%2Fsgn-prd-bumblebee%2Ffeed-images%2F050159fcf94d2d9411cf95816f631dc9&w=828&s=6bae2a8b4b191014b3fe546d0866d358,,350-750,g,2025-04-27,brød
Coop,Magnum is,25,,https://image-transformer-api.tjek.com/?_id=v2&h=390&u=s3%3A%2F%2Fsgn-prd-bumblebee%2Ffeed-images%2F5efb2048d1d2f57edbad2e073e204240&w=378&s=c5a14611694d326d1e8966d9246fe8cd,,255-300,ml,2025-04-27,magnum is
Coop,Peter Larsen,42,,https://image-transformer-api.tjek.com/?_id=v2.6&h=390&u=s3%3A%2F%2Fsgn-prd-bumblebee%2Ffeed-images%2Fa87b573477ac784616a0a79939113c15%2Cs3%3A%2F%2Fsgn-prd-bumblebee%2Ffeed-images%2F1c95e2d77dc5fac578f8508904214fa5&w=378&s=2f2ecfc4712e8f6387af1ea90eae8b65,,400,g,2025-04-27,peter larsen
Coop,BKI Ekstra*,42,,https://image-transformer-api.tjek.com/?_id=v2.6&h=390&u=s3%3A%2F%2Fsgn-prd-bumblebee%2Ffeed-images%2Fa87b573477ac784616a0a79939113c15%2Cs3%3A%2F%2Fsgn-prd-bumblebee%2Ffeed-images%2F1c95e2d77dc5fac578f8508904214fa5&w=378&s=2f2ecfc4712e8f6387af1ea90eae8b65,,400,g,2025-04-27,bki ekstra
Coop,365 økologi æblejuice,10,,https://image-transformer-api.tjek.com/?_id=v2&h=390&u=s3%3A%2F%2Fsgn-prd-bumblebee%2Ffeed-images%2Fba2cf3862a336fd1751d1223028cb7de&w=828&s=74610624b4abccea68b390c6556d80da,,3,x,2025-04-27,økologi æblejuice
Coop,Cheasy yoghurt,12,,https://image-transformer-api.tjek.com/?_id=v2.6&h=390&u=s3%3A%2F%2Fsgn-prd-bumblebee%2Ffeed-images%2Fd2b16089d72b4b286bebe8089dc82d18%2Cs3%3A%2F%2Fsgn-prd-bumblebee%2Ffeed-images%2Fe13f49fa7de636a50c4367b259895193%2Cs3%3A%2F%2Fsgn-prd-bumblebee%2Ffeed-images%2Fa0df03b7a6cd2f44d0a0300792d5da8f&w=828&s=c101c98752d47caf86e4dadd6ae02838,,1,kg,2025-04-27,cheasy yoghurt
Coop,Frikadeller,12,,https://image-transformer-api.tjek.com/?_id=v2.6&h=390&u=s3%3A%2F%2Fsgn-prd-bumblebee%2Ffeed-images%2F7f14292ea614ede6cd3869a03113a743%2Cs3%3A%2F%2Fsgn-prd-bumblebee%2Ffeed-images%2F5905d4f1a872e28a21246b5da4ecb7b0%2Cs3%3A%2F%2Fsgn-prd-bumblebee%2Ffeed-images%2Ffb554cdd03129a77211773b5ecea11ef&w=378&s=f46684b4a60c53b331ac8ccfd85b7b77,,200-250,g,2025-04-27,frikadeller
Coop,Valsemøllen dansk hvedemel*,10,,https://image-transformer-api.tjek.com/?_id=v2&h=390&u=s3%3A%2F%2Fsgn-prd-bumblebee%2Ffeed-images%2F8e68f2ae2e5648f9a0dd25ac6c40d77e&w=378&s=57cc9007400eb8550ac780c7331cdc19,,2000,g,2025-04-27,valsemøllen  hvedemel
Coop,Italiana pizza,18,,https://image-transformer-api.tjek.com/?_id=v2.6&h=390&u=s3%3A%2F%2Fsgn-prd-bumblebee%2Ffeed-images%2F4b8b7970aec59c04f517b2b7604c76f6%2Cs3%3A%2F%2Fsgn-prd-bumblebee%2Ffeed-images%2F6bba79995e57283bbff60fe06dd72e15%2Cs3%3A%2F%2Fsgn-prd-bumblebee%2Ffeed-images%2F7184a068dd48a92fb09a55bd964b5d87%2Cs3%3A%2F%2Fsgn-prd-bumblebee%2Ffeed-images%2F43c708985e79e70dd117271ae31059e7%2Cs3%3A%2F%2Fsgn-prd-bumblebee%2Ffeed-images%2Fe8c8f0d3b90d8e334d9698216306e792&w=378&s=6462ee8c32e39644d3837a5d5ecf3394,,300-410,g,2025-04-27,italiana pizza
Coop,Tulip bacon 3-pak,32,,https://image-transformer-api.tjek.com/?_id=v2&h=390&u=s3%3A%2F%2Fsgn-prd-bumblebee%2Ffeed-images%2F07aee01f1d0cc2dfc978c8eefa8d2f85&w=378&s=075df85cdc3e8b03b6d083296b315d13,,3,x,2025-04-27,tulip bacon pak
Coop,Cheasy skyr,3.65,,https://image-transformer-api.tjek.com/?_id=v2.6&h=947&u=s3%3A%2F%2Fsgn-prd-bumblebee%2Ffeed-images%2F5055ab5ae717758c13ace0d835cd2cd6%2Cs3%3A%2F%2Fsgn-prd-bumblebee%2Ffeed-images%2F18af2cb26c30764190400197897a14f0&w=828&s=98353a966e5fc18ac18c62bde29d33b6,,180,g,2025-04-27,cheasy skyr
Coop,The Perfect Mixer,3.65,,https://image-transformer-api.tjek.com/?_id=v2&h=485&u=s3%3A%2F%2Fsgn-prd-bumblebee%2Ffeed-images%2F3164782d5bb95849974147fa363b431a&w=395&s=ddc5abef21af60a87fa38c6e0e22075e,,33-50,cl,2025-04-27,the perfect mixer
Coop,X-RAY*,3.65,,https://image-transformer-api.tjek.com/?_id=v2&h=485&u=s3%3A%2F%2Fsgn-prd-bumblebee%2Ffeed-images%2F3164782d5bb95849974147fa363b431a&w=395&s=ddc5abef21af60a87fa38c6e0e22075e,,33-50,cl,2025-04-27,xray
Coop,Trainers til hele familien,2025-04-27,,,,,,,trainers til hele familien
Coop,Blue Keld*,3.65,,https://image-transformer-api.tjek.com/?_id=v2&h=390&u=s3%3A%2F%2Fsgn-prd-bumblebee%2Ffeed-images%2Fae80d4c4c232e2b56e7b86cf1513458e&w=378&s=7220677c5796611a033931ca60558540,,50,cl,2025-04-27,blue keld
Coop,Panda Pepe*,3.65,,https://image-transformer-api.tjek.com/?_id=v2&h=947&u=s3%3A%2F%2Fsgn-prd-bumblebee%2Ffeed-images%2F5627f15fabbc9ca2599df625da679b17&w=828&s=8b0e000cd45bc9c6d34d6758aaa0ca35,,28-32,g,2025-04-27,panda pepe
Coop,Müslibars*,3.65,,https://image-transformer-api.tjek.com/?_id=v2&h=390&u=s3%3A%2F%2Fsgn-prd-bumblebee%2Ffeed-images%2Fbf4b2ba671273314bdeb05b75a78bd9a&w=828&s=34885f39e5a912b95e65802c8fe53735,,40-45,g,2025-04-27,müslibars
Coop,365 økologisk smoothies*,3.65,,https://image-transformer-api.tjek.com/?_id=v2.6&h=390&u=s3%3A%2F%2Fsgn-prd-bumblebee%2Ffeed-images%2Fb76f3839ec9731634045745b5d8a60a3%2Cs3%3A%2F%2Fsgn-prd-bumblebee%2Ffeed-images%2F485464d1b0617fd8f7ac6312925cf027%2Cs3%3A%2F%2Fsgn-prd-bumblebee%2Ffeed-images%2Fa52843f6ce1932c90af3f48a362b2e16%2Cs3%3A%2F%2Fsgn-prd-bumblebee%2Ffeed-images%2F7dd2c6d255c257b9fcc78501fdb3d4a7%2Cs3%3A%2F%2Fsgn-prd-bumblebee%2Ffeed-images%2F911f4516b77bcd179aead2b00a9e3009&w=378&s=b90078ed24065db500e1959e97bd487c,,90,g,2025-04-27,smoothies
Coop,365 affaldsposer*,3.65,,https://image-transformer-api.tjek.com/?_id=v2&h=390&u=s3%3A%2F%2Fsgn-prd-bumblebee%2Ffeed-images%2Ff8e425810e86a38ec1d4e81074bfb3ba&w=378&s=9199681493291f6a2a72584a29204f19,,20,stk,2025-04-27,affaldsposer
Coop,Graasten pålægssalater*,10,,https://image-transformer-api.tjek.com/?_id=v2.6&h=390&u=s3%3A%2F%2Fsgn-prd-bumblebee%2Ffeed-images%2Ff6fff9a3f41da5763932c045a5eb1669%2Cs3%3A%2F%2Fsgn-prd-bumblebee%2Ffeed-images%2Fc89077331cb2222685fa79b168eae58a%2Cs3%3A%2F%2Fsgn-prd-bumblebee%2Ffeed-images%2Fa73d0d709cc26f05d739276ba278549c%2Cs3%3A%2F%2Fsgn-prd-bumblebee%2Ffeed-images%2Fdc9c4ee76cd0b89f4dc66572cf163207%2Cs3%3A%2F%2Fsgn-prd-bumblebee%2Ffeed-images%2F2dfdb3699415a8124723fde64d61dca9&w=1128&s=c73fd7743e31e6912dd5a1e94cd04526,,120,g,2025-04-27,graasten pålægssalater
Coop,Grønne asparges,10,,https://image-transformer-api.tjek.com/?_id=v2&h=947&u=s3%3A%2F%2Fsgn-prd-bumblebee%2Ffeed-images%2F6cc220084f7caedcdb6a18f07bc403ac&w=528&s=b25e3ff6d1267cda0384f68cd643fa01,,250,g,2025-04-27,grønne asparges
Coop,Knorr sauce,10,,https://image-transformer-api.tjek.com/?_id=v2&h=390&u=s3%3A%2F%2Fsgn-prd-bumblebee%2Ffeed-images%2F53218e4348b44523e71fb308244e6259&w=528&s=e5ecd5d36b4fc0b92a22a4acb2aeaae2,,57-102,g,2025-04-27,knorr sauce
Coop,bouillon*,10,,https://image-transformer-api.tjek.com/?_id=v2&h=390&u=s3%3A%2F%2Fsgn-prd-bumblebee%2Ffeed-images%2F53218e4348b44523e71fb308244e6259&w=528&s=e5ecd5d36b4fc0b92a22a4acb2aeaae2,,57-102,g,2025-04-27,bouillon
Coop,Heinz ketchup*,10,,https://image-transformer-api.tjek.com/?_id=v2&h=390&u=s3%3A%2F%2Fsgn-prd-bumblebee%2Ffeed-images%2F439d6d7a6da8357a907c1ebd9aad9886&w=528&s=d7425e4e99038b88c56b1c5869ce583f,,460,g,2025-04-27,heinz ketchup
Coop,Katjes slikposer*,10,,https://image-transformer-api.tjek.com/?_id=v2.6&h=947&u=s3%3A%2F%2Fsgn-prd-bumblebee%2Ffeed-images%2F8d0b90a50aaa45769d1cdcefa36ca87a%2Cs3%3A%2F%2Fsgn-prd-bumblebee%2Ffeed-images%2F79a427022910da2046b97275fd52dfbd%2Cs3%3A%2F%2Fsgn-prd-bumblebee%2Ffeed-images%2F75ef008530059cb3b9cb110f3c1371c9%2Cs3%3A%2F%2Fsgn-prd-bumblebee%2Ffeed-images%2Fb8b4641a5e85602fb0478a8753ff306a&w=828&s=c5fec0569313b7df59aa823e3f3f91bd,,75-80,g,2025-04-27,katjes slikposer
Coop,Dan Cake Citronmåne,10,,https://image-transformer-api.tjek.com/?_id=v2.6&h=390&u=s3%3A%2F%2Fsgn-prd-bumblebee%2Ffeed-images%2Fbf810c524ac041549ee3d0fca79a4853%2Cs3%3A%2F%2Fsgn-prd-bumblebee%2Ffeed-images%2F33c21232da82a6260638871969a6ed51%2Cs3%3A%2F%2Fsgn-prd-bumblebee%2Ffeed-images%2F0a9052d256a0d8588f225865046ec803%2Cs3%3A%2F%2Fsgn-prd-bumblebee%2Ffeed-images%2Fcaf56e8eba749e8542d7ebba67a480ed&w=828&s=c3424958f742444f1defaecd0f27d20b,,144-350,g,2025-04-27,dan cake citronmåne
Coop,Karen Volf Kagemarked*,10,,https://image-transformer-api.tjek.com/?_id=v2.6&h=390&u=s3%3A%2F%2Fsgn-prd-bumblebee%2Ffeed-images%2Fbf810c524ac041549ee3d0fca79a4853%2Cs3%3A%2F%2Fsgn-prd-bumblebee%2Ffeed-images%2F33c21232da82a6260638871969a6ed51%2Cs3%3A%2F%2Fsgn-prd-bumblebee%2Ffeed-images%2F0a9052d256a0d8588f225865046ec803%2Cs3%3A%2F%2Fsgn-prd-bumblebee%2Ffeed-images%2Fcaf56e8eba749e8542d7ebba67a480ed&w=828&s=c3424958f742444f1defaecd0f27d20b,,144-350,g,2025-04-27,karen volf kagemarked
Coop,"Red Bull, Smirnoff Mokai",2025-04-27,,,,,,,"red bull, smirnoff mokai"
Coop,Shaker*,2025-04-27,,,,,,,shaker
Coop,Nørregade frys-selv-is*,10,,https://image-transformer-api.tjek.com/?_id=v2.6&h=390&u=s3%3A%2F%2Fsgn-prd-bumblebee%2Ffeed-images%2Fe1b5cfcff3770347439dfd163cf06aa5%2Cs3%3A%2F%2Fsgn-prd-bumblebee%2Ffeed-images%2Fcafaf31ef660e0e990f2301a9fa32ef3%2Cs3%3A%2F%2Fsgn-prd-bumblebee%2Ffeed-images%2F3a210808ce1498f05f78ecd7bef24e9d%2Cs3%3A%2F%2Fsgn-prd-bumblebee%2Ffeed-images%2F7295c4833f615e9c7281ed54f2b758d9&w=378&s=c751f5e6c437e6399f0072efea2657c4,,8,x,2025-04-27,nørregade frysselvis
Coop,Danske Egnsgårde pakkemarked,32,,https://image-transformer-api.tjek.com/?_id=v2.6&h=947&u=s3%3A%2F%2Fsgn-prd-bumblebee%2Ffeed-images%2F5dd6dbb30b0157478f14e8083a936bfc%2Cs3%3A%2F%2Fsgn-prd-bumblebee%2Ffeed-images%2F9e1d10ff96f83c6e3e5a8f4b233f11da%2Cs3%3A%2F%2Fsgn-prd-bumblebee%2Ffeed-images%2F35261f5081b4e405bc96bdb433fba8a4%2Cs3%3A%2F%2Fsgn-prd-bumblebee%2Ffeed-images%2F3a36f45235736346ac5e73a296b25365%2Cs3%3A%2F%2Fsgn-prd-bumblebee%2Ffeed-images%2F3fb4d1077a232feb25cfc04ae8555ff4&w=828&s=305a08edfdec096427b988bc3c36e86d,,400-475,g,2025-04-27,egnsgårde pakkemarked
Coop,Frijsenborg hel kylling,62,,https://image-transformer-api.tjek.com/?_id=v2&h=390&u=s3%3A%2F%2Fsgn-prd-bumblebee%2Ffeed-images%2F3a79a823f926bccab35fc1cdc10864b3&w=828&s=d77e8a03bc5412faf2de46fbef39f32c,,550-1350,g,2025-04-27,frijsenborg hel kylling
Coop,kyllingefilet,62,,https://image-transformer-api.tjek.com/?_id=v2&h=390&u=s3%3A%2F%2Fsgn-prd-bumblebee%2Ffeed-images%2F3a79a823f926bccab35fc1cdc10864b3&w=828&s=d77e8a03bc5412faf2de46fbef39f32c,,550-1350,g,2025-04-27,kyllingefilet
Coop,Danske Egnsgårde kalvewienerschnitzel,35,,https://image-transformer-api.tjek.com/?_id=v2.6&h=390&u=s3%3A%2F%2Fsgn-prd-bumblebee%2Ffeed-images%2F8e3bc7b5837266f0692d23ad7c6a1045%2Cs3%3A%2F%2Fsgn-prd-bumblebee%2Ffeed-images%2F6e2a3ae80ff5ea166a77fbcd4bde8ac8&w=828&s=faa9f90c73ffac8ed522d54f6fec837f,,200,g,2025-04-27,egnsgårde kalvewienerschnitzel
Coop,kalvesteaks,35,,https://image-transformer-api.tjek.com/?_id=v2.6&h=390&u=s3%3A%2F%2Fsgn-prd-bumblebee%2Ffeed-images%2F8e3bc7b5837266f0692d23ad7c6a1045%2Cs3%3A%2F%2Fsgn-prd-bumblebee%2Ffeed-images%2F6e2a3ae80ff5ea166a77fbcd4bde8ac8&w=828&s=faa9f90c73ffac8ed522d54f6fec837f,,200,g,2025-04-27,kalvesteaks
Coop,"Kyllingeover-, underlår",29,,https://image-transformer-api.tjek.com/?_id=v2&h=390&u=s3%3A%2F%2Fsgn-prd-bumblebee%2Ffeed-images%2F48b62e22daa3340f5e45686c6c21b035&w=828&s=41178085fb33a97e88c791b7467b016a,,450-800,g,2025-04-27,"kyllingeover, underlår"
Coop,hakket kylling 7-10%,29,,https://image-transformer-api.tjek.com/?_id=v2&h=390&u=s3%3A%2F%2Fsgn-prd-bumblebee%2Ffeed-images%2F48b62e22daa3340f5e45686c6c21b035&w=828&s=41178085fb33a97e88c791b7467b016a,,450-800,g,2025-04-27,hakket kylling
Coop,Kyllingebryst med lage,55,,https://image-transformer-api.tjek.com/?_id=v2&h=390&u=s3%3A%2F%2Fsgn-prd-bumblebee%2Ffeed-images%2F01f94468753542291a166b765db633c7&w=828&s=261c20ae9c33d445a50ba2e02f32258e,,800,g,2025-04-27,kyllingebryst med lage
Coop,Glyngøre sprødbagt sejfilet med,35,,https://image-transformer-api.tjek.com/?_id=v2.6&h=362&u=s3%3A%2F%2Fsgn-prd-bumblebee%2Ffeed-images%2Fc9a91e36de7358499b4975d94df32af6%2Cs3%3A%2F%2Fsgn-prd-bumblebee%2Ffeed-images%2Fec5b3a994619e0815cec9e5a010bdf99&w=828&s=2caa5f50698468b874cf5054b6a48e30,,250-325,g,2025-04-27,glyngøre sprødbagt sejfilet med
Coop,uden spinat og feta,35,,https://image-transformer-api.tjek.com/?_id=v2.6&h=362&u=s3%3A%2F%2Fsgn-prd-bumblebee%2Ffeed-images%2Fc9a91e36de7358499b4975d94df32af6%2Cs3%3A%2F%2Fsgn-prd-bumblebee%2Ffeed-images%2Fec5b3a994619e0815cec9e5a010bdf99&w=828&s=2caa5f50698468b874cf5054b6a48e30,,250-325,g,2025-04-27,uden spinat og feta
Coop,K-Salat bearnaise-,12,,https://image-transformer-api.tjek.com/?_id=v2.6&h=390&u=s3%3A%2F%2Fsgn-prd-bumblebee%2Ffeed-images%2F5f3b2296ac43027b95187dbaf798cf4e%2Cs3%3A%2F%2Fsgn-prd-bumblebee%2Ffeed-images%2F4f69a2c9d8a931675118ca983e080bc5&w=828&s=5cdae4e4123092a9c59098bb283c5e3a,,325,g,2025-04-27,ksalat bearnaise
Coop,chili bearnaise sauce*,12,,https://image-transformer-api.tjek.com/?_id=v2.6&h=390&u=s3%3A%2F%2Fsgn-prd-bumblebee%2Ffeed-images%2F5f3b2296ac43027b95187dbaf798cf4e%2Cs3%3A%2F%2Fsgn-prd-bumblebee%2Ffeed-images%2F4f69a2c9d8a931675118ca983e080bc5&w=828&s=5cdae4e4123092a9c59098bb283c5e3a,,325,g,2025-04-27,chili bearnaise sauce
Coop,"Burger boost, Burger boost smoky twist",35,,https://image-transformer-api.tjek.com/?_id=v2.6&h=362&u=s3%3A%2F%2Fsgn-prd-bumblebee%2Ffeed-images%2F76bb702f1020a342c016b1e80305540b%2Cs3%3A%2F%2Fsgn-prd-bumblebee%2Ffeed-images%2Fc7eeae43c131ce2ed6b1e15bd894c969%2Cs3%3A%2F%2Fsgn-prd-bumblebee%2Ffeed-images%2Fb22eac67a8ff9107403362a9ffa536e9%2Cs3%3A%2F%2Fsgn-prd-bumblebee%2Ffeed-images%2F881bcc6b508267fd3f0c390d69aafd98&w=828&s=2afc9d7aa0e5c366474afc82cd2618a1,,300-475,g,2025-04-27,"burger boost, burger boost smoky twist"
Coop,marineret kamfilet af gris,35,,https://image-transformer-api.tjek.com/?_id=v2.6&h=362&u=s3%3A%2F%2Fsgn-prd-bumblebee%2Ffeed-images%2F76bb702f1020a342c016b1e80305540b%2Cs3%3A%2F%2Fsgn-prd-bumblebee%2Ffeed-images%2Fc7eeae43c131ce2ed6b1e15bd894c969%2Cs3%3A%2F%2Fsgn-prd-bumblebee%2Ffeed-images%2Fb22eac67a8ff9107403362a9ffa536e9%2Cs3%3A%2F%2Fsgn-prd-bumblebee%2Ffeed-images%2F881bcc6b508267fd3f0c390d69aafd98&w=828&s=2afc9d7aa0e5c366474afc82cd2618a1,,300-475,g,2025-04-27,marineret kamfilet af gris
Coop,Hakket gris/kalv 8-12%,35,,https://image-transformer-api.tjek.com/?_id=v2.6&h=390&u=s3%3A%2F%2Fsgn-prd-bumblebee%2Ffeed-images%2F4b59eeb4d1a04f5d5321dbbfbc21f69f%2Cs3%3A%2F%2Fsgn-prd-bumblebee%2Ffeed-images%2F64fd87682a94ead977a8b78c0e8bf2dc&w=828&s=33fdd5b67066a665381e06d1843651d7,,400-500,g,2025-04-27,hakket griskalv
Coop,hakket oksekød 14-18%,35,,https://image-transformer-api.tjek.com/?_id=v2.6&h=390&u=s3%3A%2F%2Fsgn-prd-bumblebee%2Ffeed-images%2F4b59eeb4d1a04f5d5321dbbfbc21f69f%2Cs3%3A%2F%2Fsgn-prd-bumblebee%2Ffeed-images%2F64fd87682a94ead977a8b78c0e8bf2dc&w=828&s=33fdd5b67066a665381e06d1843651d7,,400-500,g,2025-04-27,hakket oksekød
Coop,Danske æbler,16,,https://image-transformer-api.tjek.com/?_id=v2&h=947&u=s3%3A%2F%2Fsgn-prd-bumblebee%2Ffeed-images%2F5e7293841b80230eac095500736fb453&w=828&s=9f93b889cb925079da47833b7857510b,,"1,5",kg,2025-04-27,æbler
Coop,Økologisk dansk basilikum,25,,https://image-transformer-api.tjek.com/?_id=v2&h=485&u=s3%3A%2F%2Fsgn-prd-bumblebee%2Ffeed-images%2F687f7c47ddedcf801b2e1259b74406f7&w=207&s=03a9c4e5deb09318d0600d4fe558b168,,,,2025-04-27,basilikum
Coop,Hindbær,15,,https://image-transformer-api.tjek.com/?_id=v2&h=390&u=s3%3A%2F%2Fsgn-prd-bumblebee%2Ffeed-images%2F5bb751054a3877d63832576f16ea23ec&w=378&s=4071863a0bff0d6e33634ac193634361,,125,g,2025-04-27,hindbær
Coop,365 Intenso tomater,18,,https://image-transformer-api.tjek.com/?_id=v2&h=390&u=s3%3A%2F%2Fsgn-prd-bumblebee%2Ffeed-images%2F0b7cd9f6204f2c4fb5f7a509a877d15c&w=378&s=cbff41b10b4064dc630acb0554c386a7,,200,g,2025-04-27,intenso tomater
Coop,Dansk Nordic crisp salat fra Katrine & Alfred,12,,https://image-transformer-api.tjek.com/?_id=v2.6&h=390&u=s3%3A%2F%2Fsgn-prd-bumblebee%2Ffeed-images%2Fd29c683db33a9eb6cd9d596d3baa252c%2Cs3%3A%2F%2Fsgn-prd-bumblebee%2Ffeed-images%2Fcfaff75ccdf19d53ae0e198ea7287461&w=1728&s=39de84a1e85f66ab39e5800568dcc676,,75,g,2025-04-27,nordic crisp salat fra katrine & alfred
Coop,Naturli' økologisk smørbar,15,,https://image-transformer-api.tjek.com/?_id=v2.6&h=947&u=s3%3A%2F%2Fsgn-prd-bumblebee%2Ffeed-images%2F037b1a62e07984ec20a83e44ee7d3d33%2Cs3%3A%2F%2Fsgn-prd-bumblebee%2Ffeed-images%2Ffc603022b6f25a39e1d1be6b0dd4cf25&w=828&s=f2ecc031e7b59459d7b871bc6260248f,,200,g,2025-04-27,naturli  smørbar
Coop,blok,15,,https://image-transformer-api.tjek.com/?_id=v2.6&h=947&u=s3%3A%2F%2Fsgn-prd-bumblebee%2Ffeed-images%2F037b1a62e07984ec20a83e44ee7d3d33%2Cs3%3A%2F%2Fsgn-prd-bumblebee%2Ffeed-images%2Ffc603022b6f25a39e1d1be6b0dd4cf25&w=828&s=f2ecc031e7b59459d7b871bc6260248f,,200,g,2025-04-27,blok
Coop,Hanegal økologisk plantepostej*,16,,https://image-transformer-api.tjek.com/?_id=v2.6&h=390&u=s3%3A%2F%2Fsgn-prd-bumblebee%2Ffeed-images%2F3a177fdbf1d042ca8d2d2b3acd9a66c3%2Cs3%3A%2F%2Fsgn-prd-bumblebee%2Ffeed-images%2Faf11b5a327cae8a997ffe1c4365d475c&w=828&s=6e90123df990dfa8f042dbba233fa01d,,200,g,2025-04-27,hanegal  plantepostej
Coop,"Hälsan kök falafler, schnitzel",25,,https://image-transformer-api.tjek.com/?_id=v2&h=362&u=s3%3A%2F%2Fsgn-prd-bumblebee%2Ffeed-images%2F69fa7adef89efbb55db57e3ccb8c1e32&w=378&s=3522a64961a5a513a7c732c69209cc8b,,270-320,g,2025-04-27,"hälsan kök falafler, schnitzel"
Coop,Oumph crispy nuggets*,25,,https://image-transformer-api.tjek.com/?_id=v2&h=362&u=s3%3A%2F%2Fsgn-prd-bumblebee%2Ffeed-images%2F69fa7adef89efbb55db57e3ccb8c1e32&w=378&s=3522a64961a5a513a7c732c69209cc8b,,270-320,g,2025-04-27,oumph crispy nuggets
Coop,Perfectseason økologisk færdigret*,32,,https://image-transformer-api.tjek.com/?_id=v2.6&h=390&u=s3%3A%2F%2Fsgn-prd-bumblebee%2Ffeed-images%2Fadde9e85acca415891b2eea756cf03c4%2Cs3%3A%2F%2Fsgn-prd-bumblebee%2Ffeed-images%2Fccaacd648d48db924180075ee908c942%2Cs3%3A%2F%2Fsgn-prd-bumblebee%2Ffeed-images%2F02e4355156bfd2edc2c80247432f873e&w=378&s=89e803554a78ad0880f5e1f2be676fef,,350,g,2025-04-27,perfectseason  færdigret
Coop,365 økologisk tofu,20,,https://image-transformer-api.tjek.com/?_id=v2&h=485&u=s3%3A%2F%2Fsgn-prd-bumblebee%2Ffeed-images%2Fa078e7009877d2b93f1a8975dd5f7780&w=567&s=f211e98e1301551f7ce0e3e46d8f2267,,200,g,2025-04-27,tofu
Coop,Mammen hytteost*,16,,https://image-transformer-api.tjek.com/?_id=v2.6&h=947&u=s3%3A%2F%2Fsgn-prd-bumblebee%2Ffeed-images%2F1e273cd4b01e52eff5708c60706555f1%2Cs3%3A%2F%2Fsgn-prd-bumblebee%2Ffeed-images%2F8213e1706f0ee65bd7863e127a0036db&w=828&s=5b790dbe47cb24530ea696d276ea8c67,,450,g,2025-04-27,mammen hytteost
Coop,Cheasy,55,,https://image-transformer-api.tjek.com/?_id=v2.6&h=390&u=s3%3A%2F%2Fsgn-prd-bumblebee%2Ffeed-images%2Fca16a2ad6c05be685c1f91b39192bbb1%2Cs3%3A%2F%2Fsgn-prd-bumblebee%2Ffeed-images%2F3626d5454cd5cf781108037d6922b75b&w=828&s=844a702663583152a478aa52799079e0,,495,g,2025-04-27,cheasy
Coop,Klovborg skæreost,55,,https://image-transformer-api.tjek.com/?_id=v2.6&h=390&u=s3%3A%2F%2Fsgn-prd-bumblebee%2Ffeed-images%2Fca16a2ad6c05be685c1f91b39192bbb1%2Cs3%3A%2F%2Fsgn-prd-bumblebee%2Ffeed-images%2F3626d5454cd5cf781108037d6922b75b&w=828&s=844a702663583152a478aa52799079e0,,495,g,2025-04-27,klovborg skæreost
Coop,Castello hård ost*,32,,https://image-transformer-api.tjek.com/?_id=v2.6&h=390&u=s3%3A%2F%2Fsgn-prd-bumblebee%2Ffeed-images%2F18236ce24d2c965e3e57d1892853483d%2Cs3%3A%2F%2Fsgn-prd-bumblebee%2Ffeed-images%2F00eb1ceec5ef4272eea3d0b52ffcc64b%2Cs3%3A%2F%2Fsgn-prd-bumblebee%2Ffeed-images%2F54c11a45afc32aebc34e47dee0b7f5c0&w=828&s=de0e1ff3e56bf8bbae79fc614cf78cf0,,200,g,2025-04-27,castello hård ost
Coop,Protein shake*,15,,https://image-transformer-api.tjek.com/?_id=v2.6&h=947&u=s3%3A%2F%2Fsgn-prd-bumblebee%2Ffeed-images%2F8ada729bfd90b419c08d6456ededde8c%2Cs3%3A%2F%2Fsgn-prd-bumblebee%2Ffeed-images%2Feaee903192bf945a41842f7955160e34&w=828&s=e26ec05a50a4c2c06d7cbb71dd80ce0d,,500,g,2025-04-27,protein shake
Coop,Omiros grillost*,20,,https://image-transformer-api.tjek.com/?_id=v2.6&h=390&u=s3%3A%2F%2Fsgn-prd-bumblebee%2Ffeed-images%2Ff5b0892ced922f8cb523731646001f57%2Cs3%3A%2F%2Fsgn-prd-bumblebee%2Ffeed-images%2F37a3ddbfcbf17673e799d9a5ca9665ae%2Cs3%3A%2F%2Fsgn-prd-bumblebee%2Ffeed-images%2Fcfa67db68df9cc320e46a0bf6058b756&w=828&s=7c9ac43c3884cdc33da091cdd73fa8aa,,150-200,g,2025-04-27,omiros grillost
Coop,Innocent juice,25,,https://image-transformer-api.tjek.com/?_id=v2&h=390&u=s3%3A%2F%2Fsgn-prd-bumblebee%2Ffeed-images%2F7dee592a72966105b1473956e24e4a25&w=828&s=12ac801b6cefdda14aae5b94ff4b4126,,4,x,2025-04-27,innocent juice
Coop,Kids smoothie*,25,,https://image-transformer-api.tjek.com/?_id=v2&h=390&u=s3%3A%2F%2Fsgn-prd-bumblebee%2Ffeed-images%2F7dee592a72966105b1473956e24e4a25&w=828&s=12ac801b6cefdda14aae5b94ff4b4126,,4,x,2025-04-27,kids smoothie
Coop,Santa Maria Tex Mex*,12,,https://image-transformer-api.tjek.com/?_id=v2&h=947&u=s3%3A%2F%2Fsgn-prd-bumblebee%2Ffeed-images%2F461f9029d924af1d1540cca4c990f23c&w=828&s=8fbc11677b77367c8d539c46bbe05cb7,,28-371,g,2025-04-27,santa maria tex mex
Coop,Thise økologisk creme fraiche*,18,,https://image-transformer-api.tjek.com/?_id=v2.6&h=390&u=s3%3A%2F%2Fsgn-prd-bumblebee%2Ffeed-images%2F2515ae89ee89536a00548f092d8c146d%2Cs3%3A%2F%2Fsgn-prd-bumblebee%2Ffeed-images%2Fa9f91b5684c28a60f3de71f12a0d96da&w=828&s=a158b29aa5ee4993b92159e59c8fffc3,,400,g,2025-04-27,thise  creme fraiche
Coop,Bonduelle bønner*,10,,https://image-transformer-api.tjek.com/?_id=v2.6&h=390&u=s3%3A%2F%2Fsgn-prd-bumblebee%2Ffeed-images%2F1164bac7981adde74294575e9433cda4%2Cs3%3A%2F%2Fsgn-prd-bumblebee%2Ffeed-images%2Fe21997741441e5d5b901e60ac7a906db%2Cs3%3A%2F%2Fsgn-prd-bumblebee%2Ffeed-images%2F185e68b03573c48a0f01569f724f969c&w=378&s=e1d9d745f687c9ba05c3e6d7633f7d12,,250-400,g,2025-04-27,bonduelle bønner
Coop,Formodne avocadoer,24,,https://image-transformer-api.tjek.com/?_id=v2&h=390&u=s3%3A%2F%2Fsgn-prd-bumblebee%2Ffeed-images%2Fcd2958532328bd8a3343d1a8fdbf4952&w=378&s=5e532b3f08b2c4d695ed9ffbee0c4692,,3,stk,2025-04-27,formodne avocadoer
Coop,Bonduelle majs*,25,,https://image-transformer-api.tjek.com/?_id=v2&h=485&u=s3%3A%2F%2Fsgn-prd-bumblebee%2Ffeed-images%2F067f8ebf4a9a0f11abc088d42cc13656&w=723&s=e338ffe098ab688b4693c9ed98181c57,,280-420,g,2025-04-27,bonduelle majs
Coop,Pålækker pålæg,12,,https://image-transformer-api.tjek.com/?_id=v2&h=947&u=s3%3A%2F%2Fsgn-prd-bumblebee%2Ffeed-images%2F219189967f03a3db98d31a95abd97460&w=828&s=c94940779aeffca8eefbf95abd7f23f8,,90-125,g,2025-04-27,pålækker pålæg
Coop,Varmrøget makrelfilet,18,,https://image-transformer-api.tjek.com/?_id=v2&h=485&u=s3%3A%2F%2Fsgn-prd-bumblebee%2Ffeed-images%2Fa75fdf2ccf82f47825f2cef715a7ba06&w=320&s=3cc7701208018db7abd75be415374e89,,100-150,g,2025-04-27,varmrøget makrelfilet
Coop,ørredfilet,18,,https://image-transformer-api.tjek.com/?_id=v2&h=485&u=s3%3A%2F%2Fsgn-prd-bumblebee%2Ffeed-images%2Fa75fdf2ccf82f47825f2cef715a7ba06&w=320&s=3cc7701208018db7abd75be415374e89,,100-150,g,2025-04-27,ørredfilet
Coop,Varmrøget laks,25,,https://image-transformer-api.tjek.com/?_id=v2&h=390&u=s3%3A%2F%2Fsgn-prd-bumblebee%2Ffeed-images%2F1e3f8c7ec2dc7c22c5e61f9da09185ad&w=378&s=6cef38189a92cac715171e3274e70911,,100-170,g,2025-04-27,varmrøget laks
Coop,rejer i lage*,25,,https://image-transformer-api.tjek.com/?_id=v2&h=390&u=s3%3A%2F%2Fsgn-prd-bumblebee%2Ffeed-images%2F1e3f8c7ec2dc7c22c5e61f9da09185ad&w=378&s=6cef38189a92cac715171e3274e70911,,100-170,g,2025-04-27,rejer i lage
Coop,Spansk inspireret,10,,https://image-transformer-api.tjek.com/?_id=v2.6&h=362&u=s3%3A%2F%2Fsgn-prd-bumblebee%2Ffeed-images%2F2a20253beac2b37b10b9e47177440492%2Cs3%3A%2F%2Fsgn-prd-bumblebee%2Ffeed-images%2Ffc0dd8544fb92f633b45e05b193e033a&w=378&s=44c54e8677a5b8a598b209e966eaa4c8,,150,g,2025-04-27,spansk inspireret
Coop,grøn peber paté,10,,https://image-transformer-api.tjek.com/?_id=v2.6&h=362&u=s3%3A%2F%2Fsgn-prd-bumblebee%2Ffeed-images%2F2a20253beac2b37b10b9e47177440492%2Cs3%3A%2F%2Fsgn-prd-bumblebee%2Ffeed-images%2Ffc0dd8544fb92f633b45e05b193e033a&w=378&s=44c54e8677a5b8a598b209e966eaa4c8,,150,g,2025-04-27,grøn peber paté
Coop,Pågen brød,15,,https://image-transformer-api.tjek.com/?_id=v2&h=485&u=s3%3A%2F%2Fsgn-prd-bumblebee%2Ffeed-images%2F7e9ab164be185131f7f12dbc28f1f2a7&w=723&s=8c6db1ef7712942f6aba38f62e4855ad,,400-900,g,2025-04-27,pågen brød
Coop,Fransk skovbær-,39,,https://image-transformer-api.tjek.com/?_id=v2.6&h=390&u=s3%3A%2F%2Fsgn-prd-bumblebee%2Ffeed-images%2F9400ffc2b0039503286e9431aa102444%2Cs3%3A%2F%2Fsgn-prd-bumblebee%2Ffeed-images%2Fbc348fa47bced2dc6ffcf8ba70e0834e&w=828&s=ab4145599e7d70cc8662a709b93b2b33,,400-450,g,2025-04-27,fransk skovbær
Coop,æbletærte*,39,,https://image-transformer-api.tjek.com/?_id=v2.6&h=390&u=s3%3A%2F%2Fsgn-prd-bumblebee%2Ffeed-images%2F9400ffc2b0039503286e9431aa102444%2Cs3%3A%2F%2Fsgn-prd-bumblebee%2Ffeed-images%2Fbc348fa47bced2dc6ffcf8ba70e0834e&w=828&s=ab4145599e7d70cc8662a709b93b2b33,,400-450,g,2025-04-27,æbletærte
Coop,Den Gamle Fabrik marmelade*,22,,https://image-transformer-api.tjek.com/?_id=v2.6&h=390&u=s3%3A%2F%2Fsgn-prd-bumblebee%2Ffeed-images%2Fd2a163114a95fc62d0ba4fa53ad69c2a%2Cs3%3A%2F%2Fsgn-prd-bumblebee%2Ffeed-images%2Fff82739bde64329019f5c3f9912131a7%2Cs3%3A%2F%2Fsgn-prd-bumblebee%2Ffeed-images%2Fc41f90adbed00dd49b988f64a4d0e202&w=828&s=e7456a1519d508d7c7b7cbb1db824f8c,,350-425,g,2025-04-27,den gamle fabrik marmelade
Coop,"Steff Houlberg biksemad, pølsemix",22,,https://image-transformer-api.tjek.com/?_id=v2&h=362&u=s3%3A%2F%2Fsgn-prd-bumblebee%2Ffeed-images%2F46233e189e8ccc30c2b3ae4526983c1e&w=378&s=b4c1ef38a414eb6b24179a1d811177ca,,350-500,g,2025-04-27,"steff houlberg biksemad, pølsemix"
Coop,færdigretter*,22,,https://image-transformer-api.tjek.com/?_id=v2&h=362&u=s3%3A%2F%2Fsgn-prd-bumblebee%2Ffeed-images%2F46233e189e8ccc30c2b3ae4526983c1e&w=378&s=b4c1ef38a414eb6b24179a1d811177ca,,350-500,g,2025-04-27,færdigretter
Coop,Santagata olivenolie*,75,,https://image-transformer-api.tjek.com/?_id=v2&h=390&u=s3%3A%2F%2Fsgn-prd-bumblebee%2Ffeed-images%2F76b49f21e9d9fe1b97d8f03d6c9168d2&w=378&s=bf682e43d0389ef6e09edfc5c5432b2f,,1000,ml,2025-04-27,santagata olivenolie
Coop,Torske-,28,,https://image-transformer-api.tjek.com/?_id=v2.6&h=390&u=s3%3A%2F%2Fsgn-prd-bumblebee%2Ffeed-images%2F9e79d4e99b12855c02c1383384ae8ef1%2Cs3%3A%2F%2Fsgn-prd-bumblebee%2Ffeed-images%2F451541b4f997197f8c4acaca2e0b1a68&w=378&s=3eda827ac21de0ec06957ce8efd971ad,,180-200,g,2025-04-27,torske
Coop,lakseportioner*,28,,https://image-transformer-api.tjek.com/?_id=v2.6&h=390&u=s3%3A%2F%2Fsgn-prd-bumblebee%2Ffeed-images%2F9e79d4e99b12855c02c1383384ae8ef1%2Cs3%3A%2F%2Fsgn-prd-bumblebee%2Ffeed-images%2F451541b4f997197f8c4acaca2e0b1a68&w=378&s=3eda827ac21de0ec06957ce8efd971ad,,180-200,g,2025-04-27,lakseportioner
Coop,Irma rejer*,28,,https://image-transformer-api.tjek.com/?_id=v2&h=390&u=s3%3A%2F%2Fsgn-prd-bumblebee%2Ffeed-images%2F26a2be1a3d283e9b8b089f7ad937987d&w=378&s=34a87998fef5f1853d6a94b408bbb79c,,150,g,2025-04-27,rejer
Coop,365 økologisk pålægschokolade,35,,https://image-transformer-api.tjek.com/?_id=v2.6&h=390&u=s3%3A%2F%2Fsgn-prd-bumblebee%2Ffeed-images%2F5410ac53135a9886b581bd5543c2feba%2Cs3%3A%2F%2Fsgn-prd-bumblebee%2Ffeed-images%2F1eb427afff915f22c1f308c542b9cd4e&w=1128&s=2cb562c0dfa647693654d13c87cd7865,,120,g,2025-04-27,pålægschokolade
Coop,365 økologisk hvedemel,16,,https://image-transformer-api.tjek.com/?_id=v2&h=947&u=s3%3A%2F%2Fsgn-prd-bumblebee%2Ffeed-images%2F0559d8155b7127f05ead9112fb4c3f88&w=528&s=cbea4f9194493a1446158ff977de82de,,2000,g,2025-04-27,hvedemel
Coop,Thise økologisk skiveost*,28,,https://image-transformer-api.tjek.com/?_id=v2&h=362&u=s3%3A%2F%2Fsgn-prd-bumblebee%2Ffeed-images%2F00775d6c3606fc3f154f9982ce0a509f&w=528&s=2bdafa271d75954a8a34ba76947b3001,,180-200,g,2025-04-27,thise  skiveost
Coop,365 økologiske grøntsager*,12,,https://image-transformer-api.tjek.com/?_id=v2&h=390&u=s3%3A%2F%2Fsgn-prd-bumblebee%2Ffeed-images%2F41723e9af9f072a126bc2d73b2d8835f&w=528&s=a324977ae50e731e095ee7f6a88b767f,,300-450,g,2025-04-27,grøntsager
Coop,Økologisk Peter Larsen,55,,https://image-transformer-api.tjek.com/?_id=v2&h=485&u=s3%3A%2F%2Fsgn-prd-bumblebee%2Ffeed-images%2Fd101ab6e5db35b240973e66fa800a032&w=747&s=e64c41433efd5fb0579e60a6fc0c7773,,100-400,g,2025-04-27,peter larsen
Coop,Merrild*,55,,https://image-transformer-api.tjek.com/?_id=v2&h=485&u=s3%3A%2F%2Fsgn-prd-bumblebee%2Ffeed-images%2Fd101ab6e5db35b240973e66fa800a032&w=747&s=e64c41433efd5fb0579e60a6fc0c7773,,100-400,g,2025-04-27,merrild
Coop,Kettle cooked chips*,13,,https://image-transformer-api.tjek.com/?_id=v2.6&h=390&u=s3%3A%2F%2Fsgn-prd-bumblebee%2Ffeed-images%2F8766f5f78dcec441cb884ca587e6e562%2Cs3%3A%2F%2Fsgn-prd-bumblebee%2Ffeed-images%2F3e9261aed2ae7ab3c7f024339a9752ba%2Cs3%3A%2F%2Fsgn-prd-bumblebee%2Ffeed-images%2Fc4b09bbbaf24a24a4cb8280746399c98&w=528&s=d63ef7a905d925240a99b198244b615c,,150,g,2025-04-27,kettle cooked chips
Coop,Ritter Sport*,18,,https://image-transformer-api.tjek.com/?_id=v2.6&h=390&u=s3%3A%2F%2Fsgn-prd-bumblebee%2Ffeed-images%2F399beae34f9ba54c089839a490f03353%2Cs3%3A%2F%2Fsgn-prd-bumblebee%2Ffeed-images%2Fd21a9ffae9ba3ef3dbf6dee27aee6aa0%2Cs3%3A%2F%2Fsgn-prd-bumblebee%2Ffeed-images%2F25a702145e7feef218fdc159eb0768b9&w=528&s=15ba01430be684458ee0d35ba25b3302,,100,g,2025-04-27,ritter sport
Coop,Fazer Domino kiks*,12,,https://image-transformer-api.tjek.com/?_id=v2&h=390&u=s3%3A%2F%2Fsgn-prd-bumblebee%2Ffeed-images%2Fe5dda2a0c5e9596b03ca06e0b12f7d2d&w=528&s=f8fbefdfba08bbf1ed2c5945ab697661,,175,g,2025-04-27,fazer domino kiks
Coop,Big Ben karameller*,40,,https://image-transformer-api.tjek.com/?_id=v2.6&h=947&u=s3%3A%2F%2Fsgn-prd-bumblebee%2Ffeed-images%2F8219652914bbb989366d8bec4f3fe629%2Cs3%3A%2F%2Fsgn-prd-bumblebee%2Ffeed-images%2Faf987820c63d44f19429ff8f17f61a39%2Cs3%3A%2F%2Fsgn-prd-bumblebee%2Ffeed-images%2F5fa25dcdb713b6214667dc5ad066dad0&w=828&s=f42b945a1364717abd7eb6023441d5e4,,350-400,g,2025-04-27,big ben karameller
Coop,"Toms bars, marcipanbrød",10,,https://image-transformer-api.tjek.com/?_id=v2&h=390&u=s3%3A%2F%2Fsgn-prd-bumblebee%2Ffeed-images%2Fa07d01397d209d5618a878c9ce6848ef&w=828&s=ed9784bd60cc867abdb4c9d181d5d8e9,,40-45,g,2025-04-27,"toms bars, marcipanbrød"
Coop,Guld barre*,10,,https://image-transformer-api.tjek.com/?_id=v2&h=390&u=s3%3A%2F%2Fsgn-prd-bumblebee%2Ffeed-images%2Fa07d01397d209d5618a878c9ce6848ef&w=828&s=ed9784bd60cc867abdb4c9d181d5d8e9,,40-45,g,2025-04-27,guld barre
Coop,Spangsberg flødeboller 3-pak*,12,,https://image-transformer-api.tjek.com/?_id=v2&h=485&u=s3%3A%2F%2Fsgn-prd-bumblebee%2Ffeed-images%2F040c5333e5fc920f215ffb2ede301bc6&w=327&s=8eece79bbfa8c1145df795ddeef89995,,60,g,2025-04-27,spangsberg flødeboller pak
Coop,Coca-Cola 24-pak*,79,,https://image-transformer-api.tjek.com/?_id=v2.6&h=390&u=s3%3A%2F%2Fsgn-prd-bumblebee%2Ffeed-images%2F9890fb7db295e4865a7b53c37eccf26a%2Cs3%3A%2F%2Fsgn-prd-bumblebee%2Ffeed-images%2Ff67c9d4cc69e5bd58e42d000c6a97a11&w=828&s=b69c0ccb348508f3b42d4b9f90fa3a12,,24,x,2025-04-27,cocacola pak
Coop,Faxe Kondi,17,,https://image-transformer-api.tjek.com/?_id=v2.6&h=390&u=s3%3A%2F%2Fsgn-prd-bumblebee%2Ffeed-images%2Fc83b39b04a5e53cb09ba8913b340c3c7%2Cs3%3A%2F%2Fsgn-prd-bumblebee%2Ffeed-images%2F1928fcd94579f16c508202b7341076a0%2Cs3%3A%2F%2Fsgn-prd-bumblebee%2Ffeed-images%2Ffd839a9a45e5c254759dddcd36b4ee45%2Cs3%3A%2F%2Fsgn-prd-bumblebee%2Ffeed-images%2F5d7be4af46e70cbd23ef6e62b9f804b5&w=828&s=138aaa23534fedd573d481736d8965dc,,150,cl,2025-04-27,faxe kondi
Coop,Pepsi*,17,,https://image-transformer-api.tjek.com/?_id=v2.6&h=390&u=s3%3A%2F%2Fsgn-prd-bumblebee%2Ffeed-images%2Fc83b39b04a5e53cb09ba8913b340c3c7%2Cs3%3A%2F%2Fsgn-prd-bumblebee%2Ffeed-images%2F1928fcd94579f16c508202b7341076a0%2Cs3%3A%2F%2Fsgn-prd-bumblebee%2Ffeed-images%2Ffd839a9a45e5c254759dddcd36b4ee45%2Cs3%3A%2F%2Fsgn-prd-bumblebee%2Ffeed-images%2F5d7be4af46e70cbd23ef6e62b9f804b5&w=828&s=138aaa23534fedd573d481736d8965dc,,150,cl,2025-04-27,pepsi
Coop,Monster Energi*,14,,https://image-transformer-api.tjek.com/?_id=v2.6&h=390&u=s3%3A%2F%2Fsgn-prd-bumblebee%2Ffeed-images%2Fe4af8f4becdbad2af0830ae71d8ca04f%2Cs3%3A%2F%2Fsgn-prd-bumblebee%2Ffeed-images%2F1ca1d634379c7d8bf312927ab365203c%2Cs3%3A%2F%2Fsgn-prd-bumblebee%2Ffeed-images%2F4ca2191b17c48028d441aa0a2a84b34d&w=378&s=e3eabf7977df4c401fd998b82d31d89f,,50,cl,2025-04-27,monster energi
Coop,Tuborg øl,38,,https://image-transformer-api.tjek.com/?_id=v2.6&h=390&u=s3%3A%2F%2Fsgn-prd-bumblebee%2Ffeed-images%2F7e4e6f534515f5a98d5231b83bff4a68%2Cs3%3A%2F%2Fsgn-prd-bumblebee%2Ffeed-images%2Fac087efef3a343dbb8379d75c5944d59%2Cs3%3A%2F%2Fsgn-prd-bumblebee%2Ffeed-images%2F03ad9f177b25524078a9c356fd6fabb0&w=378&s=a418651e09645605fdfa29816f8cd1a1,,6,x,2025-04-27,tuborg øl
Coop,Fernet-Branca Bitter,119,,https://image-transformer-api.tjek.com/?_id=v2&h=390&u=s3%3A%2F%2Fsgn-prd-bumblebee%2Ffeed-images%2F2d5b13183db8f84d673d502c11de25cd&w=378&s=f45c12810946f4334a3a5a0f934fdf70,,70,cl,2025-04-27,fernetbranca bitter
Coop,Heineken,79,,https://image-transformer-api.tjek.com/?_id=v2&h=362&u=s3%3A%2F%2Fsgn-prd-bumblebee%2Ffeed-images%2F1116e7ab120696935351ce7c5a6e7656&w=378&s=e7c594305acd3f3904ffd57f439b6671,,18-20,x,2025-04-27,heineken
Coop,Royal 18/20-pak*,79,,https://image-transformer-api.tjek.com/?_id=v2&h=362&u=s3%3A%2F%2Fsgn-prd-bumblebee%2Ffeed-images%2F1116e7ab120696935351ce7c5a6e7656&w=378&s=e7c594305acd3f3904ffd57f439b6671,,18-20,x,2025-04-27,royal pak
Coop,Vinmarked,39,,https://image-transformer-api.tjek.com/?_id=v2&h=947&u=s3%3A%2F%2Fsgn-prd-bumblebee%2Ffeed-images%2Ffe1887b2b5831b88a3bc89edc20b40a1&w=828&s=77b33b29628ef0786344cc3e66f981eb,,75,cl,2025-04-27,vinmarked
Coop,Radio Boka,35,,https://image-transformer-api.tjek.com/?_id=v2.6&h=485&u=s3%3A%2F%2Fsgn-prd-bumblebee%2Ffeed-images%2F1ae91d537b74cb3a3eb216059e010ff5%2Cs3%3A%2F%2Fsgn-prd-bumblebee%2Ffeed-images%2F36fb958db2a64f0ef1879edb5900fa72%2Cs3%3A%2F%2Fsgn-prd-bumblebee%2Ffeed-images%2Fa9438dcb0ca4e0e03e06a1886ea03ec9&w=311&s=1cad572e1440c93efcf1ab3b46d7794a,,75,cl,2025-04-27,radio boka
Coop,"Giordano Ricarico Prestige, Primitivo di Manduria Badio al Colle",49,,https://image-transformer-api.tjek.com/?_id=v2.6&h=362&u=s3%3A%2F%2Fsgn-prd-bumblebee%2Ffeed-images%2Fd164bce80c1d1f94f750b3a65fe8aa0d%2Cs3%3A%2F%2Fsgn-prd-bumblebee%2Ffeed-images%2F69aab367ce5bc06a056fa2932d804cb8%2Cs3%3A%2F%2Fsgn-prd-bumblebee%2Ffeed-images%2F334a904465de9836a4114accbceef80b&w=378&s=521f9bac3303b434bc48875f514e5913,,75,cl,2025-04-27,"giordano ricarico prestige, primitivo di manduria badio al colle"
Coop,Arthur Metz Riesling,49,,https://image-transformer-api.tjek.com/?_id=v2.6&h=362&u=s3%3A%2F%2Fsgn-prd-bumblebee%2Ffeed-images%2Fd164bce80c1d1f94f750b3a65fe8aa0d%2Cs3%3A%2F%2Fsgn-prd-bumblebee%2Ffeed-images%2F69aab367ce5bc06a056fa2932d804cb8%2Cs3%3A%2F%2Fsgn-prd-bumblebee%2Ffeed-images%2F334a904465de9836a4114accbceef80b&w=378&s=521f9bac3303b434bc48875f514e5913,,75,cl,2025-04-27,arthur metz riesling
Coop,WNTL Riesling,49,,https://image-transformer-api.tjek.com/?_id=v2.6&h=390&u=s3%3A%2F%2Fsgn-prd-bumblebee%2Ffeed-images%2Fbd8d01a23202cc104ab495dbabeddb36%2Cs3%3A%2F%2Fsgn-prd-bumblebee%2Ffeed-images%2Fac62b0426701ce2ae2d6e8f1f4af8b82&w=378&s=fb92fffcff3f34f60fb74cc524b99dde,,75,cl,2025-04-27,wntl riesling
Coop,Syrah,49,,https://image-transformer-api.tjek.com/?_id=v2.6&h=390&u=s3%3A%2F%2Fsgn-prd-bumblebee%2Ffeed-images%2Fbd8d01a23202cc104ab495dbabeddb36%2Cs3%3A%2F%2Fsgn-prd-bumblebee%2Ffeed-images%2Fac62b0426701ce2ae2d6e8f1f4af8b82&w=378&s=fb92fffcff3f34f60fb74cc524b99dde,,75,cl,2025-04-27,syrah
Coop,The Flag,89,,https://image-transformer-api.tjek.com/?_id=v2&h=485&u=s3%3A%2F%2Fsgn-prd-bumblebee%2Ffeed-images%2Fc3d5f0094aa97e2d6839ac39d9acde19&w=354&s=bbad8315f484ae96e3a5213f86308c29,,3,Liter,2025-04-27,the flag
Coop,365 Minirisk vådservietter,10,,https://image-transformer-api.tjek.com/?_id=v2&h=947&u=s3%3A%2F%2Fsgn-prd-bumblebee%2Ffeed-images%2Fb3848907e4b0d25f310d93b7a84329c5&w=828&s=41ca4afb22f9bbdc65a62b635cf2612b,,100,stk,2025-04-27,minirisk vådservietter
Coop,"Biotex flydende vaskemiddel, Dun-let spray",25,,https://image-transformer-api.tjek.com/?_id=v2&h=333&u=s3%3A%2F%2Fsgn-prd-bumblebee%2Ffeed-images%2F29cbc229ae8027cc698cc3ff0248753f&w=828&s=24ab520353268865b6fbd1d330542d1f,,14,vaske,2025-04-27,"biotex flydende vaskemiddel, dunlet spray"
Coop,skyllemiddel*,25,,https://image-transformer-api.tjek.com/?_id=v2&h=333&u=s3%3A%2F%2Fsgn-prd-bumblebee%2Ffeed-images%2F29cbc229ae8027cc698cc3ff0248753f&w=828&s=24ab520353268865b6fbd1d330542d1f,,14,vaske,2025-04-27,skyllemiddel
Coop,Lotus Comfort toiletpapir,18,,https://image-transformer-api.tjek.com/?_id=v2.6&h=362&u=s3%3A%2F%2Fsgn-prd-bumblebee%2Ffeed-images%2F44bd532325979708b7b1e2af5b4d502e%2Cs3%3A%2F%2Fsgn-prd-bumblebee%2Ffeed-images%2Fc47f9bbb1a6cece460abd5d7345fb28e&w=378&s=c0f822d793d91f87b8425353e47801c4,,525-801,g,2025-04-27,lotus comfort toiletpapir
Coop,Premium køkkenrulle*,18,,https://image-transformer-api.tjek.com/?_id=v2.6&h=362&u=s3%3A%2F%2Fsgn-prd-bumblebee%2Ffeed-images%2F44bd532325979708b7b1e2af5b4d502e%2Cs3%3A%2F%2Fsgn-prd-bumblebee%2Ffeed-images%2Fc47f9bbb1a6cece460abd5d7345fb28e&w=378&s=c0f822d793d91f87b8425353e47801c4,,525-801,g,2025-04-27,premium køkkenrulle
Coop,Palmolive,24,,https://image-transformer-api.tjek.com/?_id=v2.6&h=390&u=s3%3A%2F%2Fsgn-prd-bumblebee%2Ffeed-images%2F84ec384f74762a2e9db21df8ba395823%2Cs3%3A%2F%2Fsgn-prd-bumblebee%2Ffeed-images%2F3f7900c8961ac2b8bb73e80fa3e78331%2Cs3%3A%2F%2Fsgn-prd-bumblebee%2Ffeed-images%2F840e970fd343c8d8afe7d9c68495d2d0%2Cs3%3A%2F%2Fsgn-prd-bumblebee%2Ffeed-images%2F4f8b76c3233d1ff0cfbe63d04d178f38%2Cs3%3A%2F%2Fsgn-prd-bumblebee%2Ffeed-images%2F63e332c607df9775a0f6b3a0fc224a44&w=378&s=590633811301ff5e21673017b0f603e6,,600-650,ml,2025-04-27,palmolive
Coop,Sanex shower gel*,24,,https://image-transformer-api.tjek.com/?_id=v2.6&h=390&u=s3%3A%2F%2Fsgn-prd-bumblebee%2Ffeed-images%2F84ec384f74762a2e9db21df8ba395823%2Cs3%3A%2F%2Fsgn-prd-bumblebee%2Ffeed-images%2F3f7900c8961ac2b8bb73e80fa3e78331%2Cs3%3A%2F%2Fsgn-prd-bumblebee%2Ffeed-images%2F840e970fd343c8d8afe7d9c68495d2d0%2Cs3%3A%2F%2Fsgn-prd-bumblebee%2Ffeed-images%2F4f8b76c3233d1ff0cfbe63d04d178f38%2Cs3%3A%2F%2Fsgn-prd-bumblebee%2Ffeed-images%2F63e332c607df9775a0f6b3a0fc224a44&w=378&s=590633811301ff5e21673017b0f603e6,,600-650,ml,2025-04-27,sanex shower gel
Coop,Colgate mundpleje*,25,,https://image-transformer-api.tjek.com/?_id=v2&h=485&u=s3%3A%2F%2Fsgn-prd-bumblebee%2Ffeed-images%2F0827aeffd7738ae6ffa4924c479d47bc&w=780&s=697f9bb46adbd08cdb42475a11ca3235,,2,x,2025-04-27,colgate mundpleje
Coop,365 Minirisk opvasketabs,30,,https://image-transformer-api.tjek.com/?_id=v2&h=947&u=s3%3A%2F%2Fsgn-prd-bumblebee%2Ffeed-images%2F7dacd4d17af27dfad7ae1b641d52be66&w=828&s=c3d335f50807b8b59dc9399525265151,,40,stk,2025-04-27,minirisk opvasketabs
Coop,365 Minirisk skurecreme,10,,https://image-transformer-api.tjek.com/?_id=v2&h=485&u=s3%3A%2F%2Fsgn-prd-bumblebee%2Ffeed-images%2F4f867c6da4905cb0c252f072e98c9ec5&w=156&s=9a92767e5e45f00f50969aea244da450,,500,ml,2025-04-27,minirisk skurecreme
Coop,365 Minirisk opvaskemiddel,9,,https://image-transformer-api.tjek.com/?_id=v2&h=362&u=s3%3A%2F%2Fsgn-prd-bumblebee%2Ffeed-images%2Fbcb73f1a668f373a9b29db459d9a4446&w=378&s=6c13a1c0fc010c47b5405ed7e3b665bb,,500,ml,2025-04-27,minirisk opvaskemiddel
Coop,365 Minirisk afspændingsmiddel,12,,https://image-transformer-api.tjek.com/?_id=v2&h=390&u=s3%3A%2F%2Fsgn-prd-bumblebee%2Ffeed-images%2Fd949539683dd1f6f0214ab8b95fb8dc0&w=378&s=544a51404cca797a89ab03ac5ade7237,,500,ml,2025-04-27,minirisk afspændingsmiddel
Coop,365 Minirisk flydende vaskemiddel,20,,https://image-transformer-api.tjek.com/?_id=v2.6&h=485&u=s3%3A%2F%2Fsgn-prd-bumblebee%2Ffeed-images%2Fedd731084afe7f4cdfe38497cac9f59a%2Cs3%3A%2F%2Fsgn-prd-bumblebee%2Ffeed-images%2F97562fe1f8c47a5a1c26b700018eb79f%2Cs3%3A%2F%2Fsgn-prd-bumblebee%2Ffeed-images%2Ff8d415d074e7094b9a1c6e779b6240ab%2Cs3%3A%2F%2Fsgn-prd-bumblebee%2Ffeed-images%2Fcf83f79d3e3c429707ee4f8a3425fa8c%2Cs3%3A%2F%2Fsgn-prd-bumblebee%2Ffeed-images%2F6bae35967846870f2e14343030266ac7&w=656&s=955232e5cfe2123468ac33f76e308589,,1000,ml,2025-04-27,minirisk flydende vaskemiddel
Coop,Knivsæt 3 dele*,2025-04-27,,,,,,,knivsæt dele
Coop,Designservietter,10,,https://image-transformer-api.tjek.com/?_id=v2&h=390&u=s3%3A%2F%2Fsgn-prd-bumblebee%2Ffeed-images%2Ff425e20a08aeb490df95847b010f421d&w=528&s=f9605a7dad8f0b1ba625d7aaf9de4e95,,20,stk,2025-04-27,designservietter
Coop,Opbevaringsbøtter*,2025-04-27,,,,,,,opbevaringsbøtter
Coop,Sæt med køkkenvægt og minutur*,2025-04-27,,,,,,,sæt med køkkenvægt og minutur
Coop,Holm pizzahjul*,2025-04-27,,,,,,,holm pizzahjul
Coop,Målekande med 4 måleskeer*,2025-04-27,,,,,,,målekande med måleskeer
Coop,Rivejern med opsamler*,2025-04-27,,,,,,,rivejern med opsamler
Coop,Sengetøj i 2 længder*,2025-04-27,,,,,,,sengetøj i længder
Coop,Kunstige blomster*,2025-04-27,,,,,,,kunstige blomster
Coop,Flettede kurve*,2025-04-27,,,,,,,flettede kurve
Coop,Stor sæbedispenser,2025-04-27,,,,,,,stor sæbedispenser
Coop,bakke*,2025-04-27,,,,,,,bakke
Coop,Køkkentekstil*,2025-04-27,,,,,,,køkkentekstil
Coop,Jacquarddug*,2025-04-27,,,,,,,jacquarddug
