Retail,Name,Price,Category,Img,Link,Quantity,Unit,Date of Update
Coop,Kærgården,10,,https://image-transformer-api.tjek.com/?_id=v2&h=631&u=s3%3A%2F%2Fsgn-prd-bumblebee%2Ffeed-images%2F7c32fa351e7668f32a34b38c95faa887&w=552&s=2aa75d0d5fb7ade5f8d7a89d09bd4eb2,,200,g,2025-04-18
Coop,K-Salat pålægssalater*,10,,https://image-transformer-api.tjek.com/?_id=v2.6&h=260&u=s3%3A%2F%2Fsgn-prd-bumblebee%2Ffeed-images%2F93531cc062c6188f4ff7e8609d809b15%2Cs3%3A%2F%2Fsgn-prd-bumblebee%2Ffeed-images%2Fe335d520b2e6f00ab62a89301d7197c5%2Cs3%3A%2F%2Fsgn-prd-bumblebee%2Ffeed-images%2Fba61676460b463f665d5a78a8ff57a18%2Cs3%3A%2F%2Fsgn-prd-bumblebee%2Ffeed-images%2Fd33d85b3a7e81cd2d1ea3814ba6e587e%2Cs3%3A%2F%2Fsgn-prd-bumblebee%2Ffeed-images%2Fbd13759e3d553d4316988c727a3e73fa%2Cs3%3A%2F%2Fsgn-prd-bumblebee%2Ffeed-images%2Fa6f86871cc808d3ca5e76dcba0e88c5f%2Cs3%3A%2F%2Fsgn-prd-bumblebee%2Ffeed-images%2Fc2f06e33ef5ca3fc342322e65aece665%2Cs3%3A%2F%2Fsgn-prd-bumblebee%2Ffeed-images%2F42de6eda8aec01d9ae82204e32ca0f0f&w=552&s=e84793f0638c1f8406f10276ed47c6d5,,100-150,g,2025-04-18
Coop,Det Gode fra Schulstad eller Hatting Klapper*,10,,https://image-transformer-api.tjek.com/?_id=v2&h=241&u=s3%3A%2F%2Fsgn-prd-bumblebee%2Ffeed-images%2F949c42830832f5d057e6b47dc5203b8e&w=252&s=0b46f4eca201d43ac4012c3abd98cf92,,360-950,g,2025-04-18
Coop,Skrabeæg,10,,https://image-transformer-api.tjek.com/?_id=v2&h=260&u=s3%3A%2F%2Fsgn-prd-bumblebee%2Ffeed-images%2F08da7ad56ab9e071f3e74fc734420df7&w=252&s=472b04051f7f7f7e7e20636da9c4997b,,10,stk,2025-04-18
Coop,"Bagværk håndværkere, skagenslapper eller multikernestykker*",12,,https://image-transformer-api.tjek.com/?_id=v2.6&h=612&u=s3%3A%2F%2Fsgn-prd-bumblebee%2Ffeed-images%2F70c6f99d37188d72ed0bb12d13c7cdf7%2Cs3%3A%2F%2Fsgn-prd-bumblebee%2Ffeed-images%2F36ccfb458f0098faa01e43c144dc7c5b%2Cs3%3A%2F%2Fsgn-prd-bumblebee%2Ffeed-images%2Fddab2ac328a2d895072251fec5e87aea%2Cs3%3A%2F%2Fsgn-prd-bumblebee%2Ffeed-images%2F7b890b2b3675f79fd5e1db03833c7c38&w=552&s=93f8682b00256ed90d8ac5539648317a,,350,g,2025-04-18
Coop,Coop piskefløde,12,,https://image-transformer-api.tjek.com/?_id=v2&h=323&u=s3%3A%2F%2Fsgn-prd-bumblebee%2Ffeed-images%2F467eee63928c1f3c0750f017dac99842&w=155&s=8d49af5981c841a8dc69854d85abe8b3,,500,ml,2025-04-18
Coop,Avocado,5,,https://image-transformer-api.tjek.com/?_id=v2&h=260&u=s3%3A%2F%2Fsgn-prd-bumblebee%2Ffeed-images%2F04ccd6bf18848443ff4daa39ab7693ea&w=552&s=71c1d33d6ea250797456f0a0fda3c438,,,,2025-04-18
Coop,Glyngøre sild*,18,,https://image-transformer-api.tjek.com/?_id=v2.6&h=631&u=s3%3A%2F%2Fsgn-prd-bumblebee%2Ffeed-images%2F9f952b60ee325f471b08857e1910dfeb%2Cs3%3A%2F%2Fsgn-prd-bumblebee%2Ffeed-images%2F97528ccfad234b9ee0744cb17a2e40a0%2Cs3%3A%2F%2Fsgn-prd-bumblebee%2Ffeed-images%2F45a3eb20800ae1a7624ab406cd5c3a64&w=552&s=daefe83ee6423379a322e15cf50a070e,,240-500,g,2025-04-18
Coop,Lykkeberg lakse -og skaldyrspaté*,15,,https://image-transformer-api.tjek.com/?_id=v2.6&h=260&u=s3%3A%2F%2Fsgn-prd-bumblebee%2Ffeed-images%2Faa2e5baf871eb4acd9ddceb7ea8e16a0%2Cs3%3A%2F%2Fsgn-prd-bumblebee%2Ffeed-images%2F849597b49fbc7710f10cecc1657dedbb&w=552&s=f321f32d55385f815670c98b9eebbf79,,200,g,2025-04-18
Coop,Røget laks eller varmrøget laks*,55,,https://image-transformer-api.tjek.com/?_id=v2.6&h=260&u=s3%3A%2F%2Fsgn-prd-bumblebee%2Ffeed-images%2Fe6fe36db84091977025a6fb73afb6f31%2Cs3%3A%2F%2Fsgn-prd-bumblebee%2Ffeed-images%2Fffda3b3d955e261b4f6a84d6627ca0ae%2Cs3%3A%2F%2Fsgn-prd-bumblebee%2Ffeed-images%2F467ff90b59dd5e4c08d54588601c2c26&w=252&s=d3f6f0056fef26aa9569abbcb5833f6c,,200-250,g,2025-04-18
Coop,Brøndums Snaps,75,,https://image-transformer-api.tjek.com/?_id=v2&h=260&u=s3%3A%2F%2Fsgn-prd-bumblebee%2Ffeed-images%2F6a137d1935165506d18e19e9d92c6b7b&w=252&s=17f605924b66a8dac287e89676d16b29,,70,cl,2025-04-18
Coop,Launis ishavsrejer*,25,,https://image-transformer-api.tjek.com/?_id=v2&h=260&u=s3%3A%2F%2Fsgn-prd-bumblebee%2Ffeed-images%2F721bba7c7792df0b76c7a302850399cf&w=752&s=9c2369e0d9ee373fc6c007b42fe910ac,,200,g,2025-04-18
Coop,Halehængt røget laks*,99,,https://image-transformer-api.tjek.com/?_id=v2&h=631&u=s3%3A%2F%2Fsgn-prd-bumblebee%2Ffeed-images%2F0ecc2421f4afe8ccd9ad5deab3a7c3de&w=352&s=8f6460af3cc59dd703207cecae70702e,,500,g,2025-04-18
Coop,Havregrødsbrød*,25,,https://image-transformer-api.tjek.com/?_id=v2&h=260&u=s3%3A%2F%2Fsgn-prd-bumblebee%2Ffeed-images%2Fa1ccdb9cad0eadf6c1c8f66322ebbd7f&w=352&s=55a9f58aa5ea480e5835f3d86d1e9a1f,,,,2025-04-18
Coop,Lammekølle*,44.95,,https://image-transformer-api.tjek.com/?_id=v2&h=260&u=s3%3A%2F%2Fsgn-prd-bumblebee%2Ffeed-images%2F8dd42e39c325ebc471ce4e57efb1eb55&w=352&s=ab64978e2f8c5971b8004f02502110c5,,,,2025-04-18
Coop,Steff Houlberg tarteletfyld*,20,,https://image-transformer-api.tjek.com/?_id=v2&h=631&u=s3%3A%2F%2Fsgn-prd-bumblebee%2Ffeed-images%2F5e236ebf02d2ae6b1339533be6d41d4f&w=552&s=ca54286ef58fda129e0659c514ad5726,,350,g,2025-04-18
Coop,Paradiso asparges,12,,https://image-transformer-api.tjek.com/?_id=v2&h=323&u=s3%3A%2F%2Fsgn-prd-bumblebee%2Ffeed-images%2F508de0721ea75de18235810ce22a8a5f&w=195&s=0ff53cc61026201a9e5b0dc19d56007a,,240,g,2025-04-18
Coop,Fiskefilet eller rejer*,19,,https://image-transformer-api.tjek.com/?_id=v2.6&h=260&u=s3%3A%2F%2Fsgn-prd-bumblebee%2Ffeed-images%2F57b5dea4cda533de11fe5e246ba22626%2Cs3%3A%2F%2Fsgn-prd-bumblebee%2Ffeed-images%2Fd4a3e9f8a68408d30b34cddb69e16fac&w=252&s=8ce29a1b980f621b5136d5ced031f13c,,150-400,g,2025-04-18
Coop,Tarteletter*,10,,https://image-transformer-api.tjek.com/?_id=v2.6&h=260&u=s3%3A%2F%2Fsgn-prd-bumblebee%2Ffeed-images%2F581d351d2752b63e97420cbbacc1738d%2Cs3%3A%2F%2Fsgn-prd-bumblebee%2Ffeed-images%2F34ea36856fa4af7f0472f08222f05b1c&w=252&s=341081df3a4dd63201feb8a3ac32d719,,120-225,g,2025-04-18
Coop,Beauvais survarer*,13,,https://image-transformer-api.tjek.com/?_id=v2.6&h=631&u=s3%3A%2F%2Fsgn-prd-bumblebee%2Ffeed-images%2F409669f1055a524af14edc4e5fe15d2d%2Cs3%3A%2F%2Fsgn-prd-bumblebee%2Ffeed-images%2F3bef530b2d64ff65ab8d62ad1f3adab3%2Cs3%3A%2F%2Fsgn-prd-bumblebee%2Ffeed-images%2Fe5cb855fd61e5fd6eac94bfdca866a51&w=552&s=128c0191de878cc73edde6dbec3e7a50,,325-580,g,2025-04-18
Coop,3-Stjernet pålæg*,12,,https://image-transformer-api.tjek.com/?_id=v2.6&h=260&u=s3%3A%2F%2Fsgn-prd-bumblebee%2Ffeed-images%2F222eab58fe3bba234e59445e8ccfc47c%2Cs3%3A%2F%2Fsgn-prd-bumblebee%2Ffeed-images%2F94fd11c844bd74cccd58d17d9fa00c4f%2Cs3%3A%2F%2Fsgn-prd-bumblebee%2Ffeed-images%2F1241ceb51620121f812f1ed0176d553e%2Cs3%3A%2F%2Fsgn-prd-bumblebee%2Ffeed-images%2F9b4dc8b91c8999ff3a6dbd147fc975bd&w=552&s=7ca441ee554694e1831489b7fdcaadfa,,60-90,g,2025-04-18
Coop,Bacon i skiver*,6,,https://image-transformer-api.tjek.com/?_id=v2&h=260&u=s3%3A%2F%2Fsgn-prd-bumblebee%2Ffeed-images%2F93911477595cf482882d42b18cdf3e54&w=252&s=eb86e6aad2165f2b721270c93b9aaf84,,100,g,2025-04-18
Coop,Stryhns leverpostej*,15,,https://image-transformer-api.tjek.com/?_id=v2.6&h=260&u=s3%3A%2F%2Fsgn-prd-bumblebee%2Ffeed-images%2F1bc7502cf27aee6a42d901dffaa7e26a%2Cs3%3A%2F%2Fsgn-prd-bumblebee%2Ffeed-images%2Fd69cb1a2d620f6ac250726a82e63ef89&w=252&s=117285c2c6478c8f1fcb7d2b242cef34,,400,g,2025-04-18
Coop,Bag selv leverpostej*,3.65,,https://image-transformer-api.tjek.com/?_id=v2&h=323&u=s3%3A%2F%2Fsgn-prd-bumblebee%2Ffeed-images%2F912e0718916931d96be522dd8e60ae2e&w=468&s=048ab49d2ff34519c55a6857e0b24f51,,250,g,2025-04-18
Coop,Hakket grise- og kalvekød eller hakket grisekød 8-12%,25,,https://image-transformer-api.tjek.com/?_id=v2.6&h=260&u=s3%3A%2F%2Fsgn-prd-bumblebee%2Ffeed-images%2F10347797e6f37198ddf06db5844308e7%2Cs3%3A%2F%2Fsgn-prd-bumblebee%2Ffeed-images%2F64fd87682a94ead977a8b78c0e8bf2dc&w=752&s=8817618cda0671bb04ac6a9c59d6765a,,400-500,g,2025-04-18
Coop,Ovnklar flæskesteg,14.95,,https://image-transformer-api.tjek.com/?_id=v2&h=631&u=s3%3A%2F%2Fsgn-prd-bumblebee%2Ffeed-images%2Fcaf4c924c621fdc02df4af47a387907a&w=352&s=259016af1c829a1401e6eeec50ad6e9f,,,,2025-04-18
Coop,Mørbrad af gris,119,,https://image-transformer-api.tjek.com/?_id=v2&h=260&u=s3%3A%2F%2Fsgn-prd-bumblebee%2Ffeed-images%2F8c45334a32808e53b867ce97d4abf5ee&w=352&s=243f6da2b4a892365b827c37e3c767d9,,1500-1900,g,2025-04-18
Coop,Mini- eller middagsfrikadeller*,25,,https://image-transformer-api.tjek.com/?_id=v2.6&h=241&u=s3%3A%2F%2Fsgn-prd-bumblebee%2Ffeed-images%2Fb02b3dd1b30006670d0317cc93064efe%2Cs3%3A%2F%2Fsgn-prd-bumblebee%2Ffeed-images%2Fc27bb6fa03703feb039860e279fde9a5&w=352&s=4618b47f1b61dd9479b25da6c192d3df,,450-480,g,2025-04-18
Coop,Faxe Kondi eller Pepsi Max,9,,https://image-transformer-api.tjek.com/?_id=v2&h=631&u=s3%3A%2F%2Fsgn-prd-bumblebee%2Ffeed-images%2F1f10c75e7c3c049edcdf4bf11a70846f&w=552&s=69c261cd2f57fe4a1e74b03afad3d420,,150,cl,2025-04-18
Coop,Magnum is*,25,,https://image-transformer-api.tjek.com/?_id=v2.6&h=260&u=s3%3A%2F%2Fsgn-prd-bumblebee%2Ffeed-images%2F5ae206475b8589e7dfdefb40f6c08cca%2Cs3%3A%2F%2Fsgn-prd-bumblebee%2Ffeed-images%2Ff850a21ee4c6fd7616f1a8b06445af67%2Cs3%3A%2F%2Fsgn-prd-bumblebee%2Ffeed-images%2Fa99af381b67c074209fdf4b461efa31a%2Cs3%3A%2F%2Fsgn-prd-bumblebee%2Ffeed-images%2Ff4c279e2c038b3bf9028242cb633209f%2Cs3%3A%2F%2Fsgn-prd-bumblebee%2Ffeed-images%2Ffd692cbd82e2934773b87d9d2b33c80b&w=552&s=5604a617c8978a5ed19af46bd212ffd7,,255-330,ml,2025-04-18
Coop,Baileys Likør,79,,https://image-transformer-api.tjek.com/?_id=v2&h=260&u=s3%3A%2F%2Fsgn-prd-bumblebee%2Ffeed-images%2F7fb0480850796c90eb089b3366e74531&w=252&s=61b1a5f932153db6a038005b1fa071cb,,70,cl,2025-04-18
Coop,Gevalia eller Peter Larsen Kaffe*,49,,https://image-transformer-api.tjek.com/?_id=v2.6&h=260&u=s3%3A%2F%2Fsgn-prd-bumblebee%2Ffeed-images%2F958a0377a0ee37528a0fab379decb872%2Cs3%3A%2F%2Fsgn-prd-bumblebee%2Ffeed-images%2Fc920097353a70a3b9a68691533902d0d&w=252&s=943f762b5f769bc2a0ba48558712c032,,500,g,2025-04-18
Coop,"Budweiser, Corona eller Leffe*",10,,https://image-transformer-api.tjek.com/?_id=v2&h=631&u=s3%3A%2F%2Fsgn-prd-bumblebee%2Ffeed-images%2F9c479096c3fa35c56ee04f83378df6b7&w=552&s=46ceacbfe2eb6fddd1b9b3c3ecf9d00e,,33,cl,2025-04-18
Coop,Craft Nation Beer,9,,https://image-transformer-api.tjek.com/?_id=v2.6&h=260&u=s3%3A%2F%2Fsgn-prd-bumblebee%2Ffeed-images%2F1be1e23758f40a2120e19aa3212fb58d%2Cs3%3A%2F%2Fsgn-prd-bumblebee%2Ffeed-images%2F1b769170dbcd11e9d3fce27fd5b825b2&w=552&s=d5e41db05f2fcf66fc0b9b55ec3a7833,,33,cl,2025-04-18
Coop,"Paulaner, San Miguel eller Urquell*",13,,https://image-transformer-api.tjek.com/?_id=v2.6&h=260&u=s3%3A%2F%2Fsgn-prd-bumblebee%2Ffeed-images%2F27f5bc61cc2b6f8298d2d301b6c06d08%2Cs3%3A%2F%2Fsgn-prd-bumblebee%2Ffeed-images%2F820bb233d25b87d26db9089a46e80c53%2Cs3%3A%2F%2Fsgn-prd-bumblebee%2Ffeed-images%2Ffd2bbf2c0a84461288d21d6f44cc9cec&w=252&s=8740f1263bc8ba27bb499fbb1f936d0e,,50,cl,2025-04-18
Coop,Grimbergen eller Jacobsen*,20,,https://image-transformer-api.tjek.com/?_id=v2.6&h=260&u=s3%3A%2F%2Fsgn-prd-bumblebee%2Ffeed-images%2F5634254274a8ee5b0673b8409b5ec185%2Cs3%3A%2F%2Fsgn-prd-bumblebee%2Ffeed-images%2F2c06142bf4a57c6691e99672906f4fe7%2Cs3%3A%2F%2Fsgn-prd-bumblebee%2Ffeed-images%2Fa1e5ab0e0186f362a4a6155acc1f826f&w=252&s=8cc63e9b6528df14edf220d6aed84745,,75,cl,2025-04-18
Coop,Castello dessertost*,15,,https://image-transformer-api.tjek.com/?_id=v2&h=631&u=s3%3A%2F%2Fsgn-prd-bumblebee%2Ffeed-images%2Ff65b4b4a96856c1b050a0fb123b950b0&w=552&s=6440545631aecb0dabf4ee34c9a1ffd3,,125-200,g,2025-04-18
Coop,Røde kernefri druer,18,,https://image-transformer-api.tjek.com/?_id=v2&h=323&u=s3%3A%2F%2Fsgn-prd-bumblebee%2Ffeed-images%2F6b9c318dd413cb9539b7a42a61ff5512&w=202&s=51068523fac6550bb888408dd22409ef,,500,g,2025-04-18
Coop,Klovborg skiveost,29,,https://image-transformer-api.tjek.com/?_id=v2&h=260&u=s3%3A%2F%2Fsgn-prd-bumblebee%2Ffeed-images%2Fe31bb428d35639c09f0c73c09f624aaf&w=252&s=a985f8c0dcbaca025dc6a15defbaa964,,240,g,2025-04-18
Coop,Castello Tistrup skæreost*,59,,https://image-transformer-api.tjek.com/?_id=v2.6&h=260&u=s3%3A%2F%2Fsgn-prd-bumblebee%2Ffeed-images%2F1e6378d541af4eb32df9d336d6c4036a%2Cs3%3A%2F%2Fsgn-prd-bumblebee%2Ffeed-images%2F80b7753a3f33b4304084e0305bc6a26e%2Cs3%3A%2F%2Fsgn-prd-bumblebee%2Ffeed-images%2Fcbd2ce504f6ffeb685e77a3ec55dc87e&w=252&s=a4810b66d5fd233ad120e7f7164b9f24,,470,g,2025-04-18
Coop,Ostekiks eller Tuc Trio*,20,,https://image-transformer-api.tjek.com/?_id=v2.6&h=323&u=s3%3A%2F%2Fsgn-prd-bumblebee%2Ffeed-images%2F50473f12dd4a06b70b12db15a8ac9201%2Cs3%3A%2F%2Fsgn-prd-bumblebee%2Ffeed-images%2F2be60f4756954cb9c01699cfe50f9a7b&w=533&s=bbd6a8740fa38cae12ef2907df17e9ff,,300,g,2025-04-18
Coop,Blåbær,28,,https://image-transformer-api.tjek.com/?_id=v2&h=631&u=s3%3A%2F%2Fsgn-prd-bumblebee%2Ffeed-images%2F821825112e0c2e0705f10d05ddf94dbb&w=552&s=ef917069c114352afca2cb73e2fc5f69,,250,g,2025-04-18
Coop,Cherrytomater på stilk,18,,https://image-transformer-api.tjek.com/?_id=v2&h=323&u=s3%3A%2F%2Fsgn-prd-bumblebee%2Ffeed-images%2F7aad066ecd1041f0a173a7b08e8f6a02&w=181&s=110af0ccc2166a3021484b8afa87b967,,500,g,2025-04-18
Coop,Hvide asparges,20,,https://image-transformer-api.tjek.com/?_id=v2&h=260&u=s3%3A%2F%2Fsgn-prd-bumblebee%2Ffeed-images%2Ff5caf8663c746f5cb80f1976f1275c48&w=252&s=89c61fc4b4d19b381bb4c55d178eea79,,500,g,2025-04-18
Coop,Kernefattig vandmelon,28,,https://image-transformer-api.tjek.com/?_id=v2&h=260&u=s3%3A%2F%2Fsgn-prd-bumblebee%2Ffeed-images%2Fc6ee1e02ae36fc0e8df6ea62cb1f07a1&w=252&s=5e1217d6cdfeef207f98c952022ffff4,,,,2025-04-18
Coop,Økologiske bananer,22,,https://image-transformer-api.tjek.com/?_id=v2&h=323&u=s3%3A%2F%2Fsgn-prd-bumblebee%2Ffeed-images%2F29446552d72383683d6addf631ba1447&w=408&s=203771a60d611231b650ca27a0ea3173,,"1,3",kg,2025-04-18
Coop,"Ferrero Collection, Toms hjerteæske eller After Eight*",55,,https://image-transformer-api.tjek.com/?_id=v2&h=612&u=s3%3A%2F%2Fsgn-prd-bumblebee%2Ffeed-images%2F16fdcda34be5a1302abfc16f271a74b6&w=552&s=779f679399662b34e1b225d88e29a8cf,,155-400,g,2025-04-18
Coop,Haribo slikpose*,12,,https://image-transformer-api.tjek.com/?_id=v2.6&h=260&u=s3%3A%2F%2Fsgn-prd-bumblebee%2Ffeed-images%2Ff218c862e271f5525b067aaae4e3265d%2Cs3%3A%2F%2Fsgn-prd-bumblebee%2Ffeed-images%2Fe3dd513eb7fc47a4a7c77a9b43590761%2Cs3%3A%2F%2Fsgn-prd-bumblebee%2Ffeed-images%2F2f68daeaffff78a8866050fc8dc3dae9%2Cs3%3A%2F%2Fsgn-prd-bumblebee%2Ffeed-images%2F08b94065b79c8208b3dc43b605ebdabb&w=552&s=3b1535a04163c3232fa1bf07a286ba24,,120,g,2025-04-18
Coop,Toms Guldkarameller eller Kæmpe Skildpadder 3-pak*,16,,https://image-transformer-api.tjek.com/?_id=v2.6&h=241&u=s3%3A%2F%2Fsgn-prd-bumblebee%2Ffeed-images%2F4d5f5341ae17cfd039078877d4967952%2Cs3%3A%2F%2Fsgn-prd-bumblebee%2Ffeed-images%2Ff0885542702fd9f1bbfa0a2c524b17aa%2Cs3%3A%2F%2Fsgn-prd-bumblebee%2Ffeed-images%2F427258f267ccaff62a1b6b169e218c98&w=252&s=324f2e636c7810b98c96c423492b40f6,,84-100,g,2025-04-18
Coop,Dan Cake Fyldte Trøffelkugler*,25,,https://image-transformer-api.tjek.com/?_id=v2.6&h=260&u=s3%3A%2F%2Fsgn-prd-bumblebee%2Ffeed-images%2F497d046fd5b028a18d56cfda20ef034b%2Cs3%3A%2F%2Fsgn-prd-bumblebee%2Ffeed-images%2Fafe3ab6aacc9460a384d2bb0b60b6c78%2Cs3%3A%2F%2Fsgn-prd-bumblebee%2Ffeed-images%2F2c394fb05b0017363c280caaa7eced6b&w=252&s=8dae39c65221cd06336275c9977244cf,,210,g,2025-04-18
Coop,Oliventræ - 170 cm høj*,249,,https://image-transformer-api.tjek.com/?_id=v2&h=631&u=s3%3A%2F%2Fsgn-prd-bumblebee%2Ffeed-images%2F16ded01b13ba1ed7e7f121bc9eca0915&w=552&s=c52c0b762ea78fb1bfe3df0b845a4b5a,,26,cm,2025-04-18
Coop,Buket*,129,,https://image-transformer-api.tjek.com/?_id=v2&h=260&u=s3%3A%2F%2Fsgn-prd-bumblebee%2Ffeed-images%2F9f95495807d5284bf38f12c35ba3f6ce&w=552&s=dbbf0d1548ee9b4e6aebc42bad10bcd4,,,,2025-04-18
Coop,Bacobe - hvid snow flake eller Rose og blå storblomsterne*,15,,https://image-transformer-api.tjek.com/?_id=v2.6&h=241&u=s3%3A%2F%2Fsgn-prd-bumblebee%2Ffeed-images%2F89ee71789312a9d8b9ef6e34e9e3d955%2Cs3%3A%2F%2Fsgn-prd-bumblebee%2Ffeed-images%2F66a15b562639de5eb269ecfb8e83e80a&w=252&s=a14277c513243d1fa638529687eee720,,,,2025-04-18
Coop,Spansk Margurit*,15,,https://image-transformer-api.tjek.com/?_id=v2&h=260&u=s3%3A%2F%2Fsgn-prd-bumblebee%2Ffeed-images%2F5e724ee08e56d194fed34234f49c81c1&w=252&s=68197b93ea25289009fe088093ff0f0c,,,,2025-04-18
Coop,Pelargonia Zonale*,15,,https://image-transformer-api.tjek.com/?_id=v2&h=323&u=s3%3A%2F%2Fsgn-prd-bumblebee%2Ffeed-images%2F92e4887fd6d7b82762f7e9a46d3f10dd&w=376&s=395e69ef33e3d947327d308223fb131a,,,,2025-04-18
Coop,Carlsberg eller Tuborg*,89,,https://image-transformer-api.tjek.com/?_id=v2&h=631&u=s3%3A%2F%2Fsgn-prd-bumblebee%2Ffeed-images%2Fc01544ae6d8ae5fa76ab4b83cab48289&w=552&s=5a4bab0f2a75003c6b7dd1157fdcffed,,18-20,x,2025-04-18
Coop,Taffel Chips*,11,,https://image-transformer-api.tjek.com/?_id=v2.6&h=260&u=s3%3A%2F%2Fsgn-prd-bumblebee%2Ffeed-images%2F4123025bfe090f039d5c36445de8dd84%2Cs3%3A%2F%2Fsgn-prd-bumblebee%2Ffeed-images%2Ffb2120e9c11438a0223842dfb4481477%2Cs3%3A%2F%2Fsgn-prd-bumblebee%2Ffeed-images%2F275d821acd9ccef4226e57799580b014%2Cs3%3A%2F%2Fsgn-prd-bumblebee%2Ffeed-images%2F5c4cbfac2427a8f3171be76a04970444%2Cs3%3A%2F%2Fsgn-prd-bumblebee%2Ffeed-images%2Fd12cebf4246c651d8f4beeeb8ac70ce3&w=552&s=8dcc4fee5cc83a2d1de0d8c0584252b3,,130-175,g,2025-04-18
Coop,"Mokai, Shaker eller Smirnoff*",10,,https://image-transformer-api.tjek.com/?_id=v2.6&h=260&u=s3%3A%2F%2Fsgn-prd-bumblebee%2Ffeed-images%2F7c54a1b79b4c3c4e250ef634882b1ea9%2Cs3%3A%2F%2Fsgn-prd-bumblebee%2Ffeed-images%2F74c7d1d4e59700a7c426f1c7ad5f0af9%2Cs3%3A%2F%2Fsgn-prd-bumblebee%2Ffeed-images%2F9df99eee6c4e02c96db604a81224ee96%2Cs3%3A%2F%2Fsgn-prd-bumblebee%2Ffeed-images%2Ff4418eeff5084131baadaca1bf3f825c&w=252&s=7485f33019fed0283ab85ef1707382b8,,"27,5",cl,2025-04-18
Coop,KiMs XL nødder*,65,,https://image-transformer-api.tjek.com/?_id=v2&h=260&u=s3%3A%2F%2Fsgn-prd-bumblebee%2Ffeed-images%2F55e60c35835a9c56794f967d347b8e56&w=252&s=0bfdcec19d208e2580af21623548f281,,325-1000,g,2025-04-18
Coop,Blue Keld*,7,,https://image-transformer-api.tjek.com/?_id=v2.6&h=631&u=s3%3A%2F%2Fsgn-prd-bumblebee%2Ffeed-images%2Fbb0d3c6caef5e87267abba5c5b722e06%2Cs3%3A%2F%2Fsgn-prd-bumblebee%2Ffeed-images%2F85a8a7ffa2ed3af8bbe94bcca6b74b98%2Cs3%3A%2F%2Fsgn-prd-bumblebee%2Ffeed-images%2Fc0f274f748271c29a75e0aea16c18fcf&w=552&s=b42a3d22fac2385c7ede3a7791b4eaec,,1,liter,2025-04-18
Coop,Red Bull*,10,,https://image-transformer-api.tjek.com/?_id=v2.6&h=260&u=s3%3A%2F%2Fsgn-prd-bumblebee%2Ffeed-images%2Fc8a466bbb8b3b88376828654ae7a56ec%2Cs3%3A%2F%2Fsgn-prd-bumblebee%2Ffeed-images%2F0d7cd2e23111b5e1ad8c3c6597d90a0c%2Cs3%3A%2F%2Fsgn-prd-bumblebee%2Ffeed-images%2F1888cee0b44f0657b93f7b3a526e5fdb&w=552&s=cbd1d64024afdd93451dd5a4cf400ae1,,25,cl,2025-04-18
Coop,Naturig*,24,,https://image-transformer-api.tjek.com/?_id=v2.6&h=260&u=s3%3A%2F%2Fsgn-prd-bumblebee%2Ffeed-images%2F727fac7aa4d2cda30ad4029819ff517c%2Cs3%3A%2F%2Fsgn-prd-bumblebee%2Ffeed-images%2F6dcd03cffa4d5dcb40148ba05b8177ac%2Cs3%3A%2F%2Fsgn-prd-bumblebee%2Ffeed-images%2F6877ad63cc10a69f4fff0c126b053829&w=252&s=d45b681e9a0bf8ebad0b0dac6ffb262b,,,,2025-04-18
Coop,Faxe Kondi eller Pepsi*,79,,https://image-transformer-api.tjek.com/?_id=v2.6&h=260&u=s3%3A%2F%2Fsgn-prd-bumblebee%2Ffeed-images%2F44985357e807c0f77e7e6faf7b3c4581%2Cs3%3A%2F%2Fsgn-prd-bumblebee%2Ffeed-images%2Fd3ee5642e5a929a6a446e0dec7734a01%2Cs3%3A%2F%2Fsgn-prd-bumblebee%2Ffeed-images%2F2073575ea15695140f277313a5d676fd&w=252&s=539cfbbe38889f0b6205903de2d2c226,,20,x,2025-04-18
Coop,Coca-Cola 24-pak*,79,,https://image-transformer-api.tjek.com/?_id=v2.6&h=260&u=s3%3A%2F%2Fsgn-prd-bumblebee%2Ffeed-images%2F9890fb7db295e4865a7b53c37eccf26a%2Cs3%3A%2F%2Fsgn-prd-bumblebee%2Ffeed-images%2Ff67c9d4cc69e5bd58e42d000c6a97a11&w=1152&s=f0a0cc2f2802ed1e3afc557974179a5c,,24,x,2025-04-18
Coop,Mateus eller Sumo Man,39,,https://image-transformer-api.tjek.com/?_id=v2&h=260&u=s3%3A%2F%2Fsgn-prd-bumblebee%2Ffeed-images%2F71dd2d2fe83eea966d55bf901fef5193&w=552&s=7899de18ceb3585666dd04f7e07dc836,,75,cl,2025-04-18
Coop,Chester Falls eller Southbank,49,,https://image-transformer-api.tjek.com/?_id=v2.6&h=323&u=s3%3A%2F%2Fsgn-prd-bumblebee%2Ffeed-images%2Fd3d38a0bec5f4877bef57e3b33d8dcbe%2Cs3%3A%2F%2Fsgn-prd-bumblebee%2Ffeed-images%2F12f8145c91a08455aca305bd0333dcd0&w=155&s=7cf9b80159e2b544b1d95db11848020c,,75,cl,2025-04-18
Coop,"Gallo Moscato, Pink Moscato eller Merlot",45,,https://image-transformer-api.tjek.com/?_id=v2.6&h=241&u=s3%3A%2F%2Fsgn-prd-bumblebee%2Ffeed-images%2F3f205d23f5c33f519937d629e8154f09%2Cs3%3A%2F%2Fsgn-prd-bumblebee%2Ffeed-images%2F8491d3407f103a16d40dac353c91d6c9%2Cs3%3A%2F%2Fsgn-prd-bumblebee%2Ffeed-images%2F766e8f3c623fc5ce79ac5b0e706f373c&w=252&s=41c279186643c09ba85e26fe0e8d02c9,,75,cl,2025-04-18
Coop,Falasco Ripasso eller Exhib' Rosé,59,,https://image-transformer-api.tjek.com/?_id=v2.6&h=260&u=s3%3A%2F%2Fsgn-prd-bumblebee%2Ffeed-images%2Fa6fa55ef617dc83366697f931ddd26c4%2Cs3%3A%2F%2Fsgn-prd-bumblebee%2Ffeed-images%2Feaeef93870a5d062b54d78abbfe056e8&w=252&s=5cc29a6136eafcce2c95fd1a99406f7f,,75,cl,2025-04-18
Coop,Conde Pinel i boks,99,,https://image-transformer-api.tjek.com/?_id=v2.6&h=260&u=s3%3A%2F%2Fsgn-prd-bumblebee%2Ffeed-images%2Fddc0c053fcc81fc92111dbf3cafaf89e%2Cs3%3A%2F%2Fsgn-prd-bumblebee%2Ffeed-images%2F7dc8e93a501b90bbd7e1b0e9f8e43f0f%2Cs3%3A%2F%2Fsgn-prd-bumblebee%2Ffeed-images%2Fdca727d3b1baad5d5e1e3df3569eef28&w=252&s=863c9fc6f426310b7646cd0a937b5ec8,,3,liter,2025-04-18
Coop,"Smirnoff Vodka, Captain Morgan, Grant's Whisky eller Gordon's Gin",99,,https://image-transformer-api.tjek.com/?_id=v2.6&h=241&u=s3%3A%2F%2Fsgn-prd-bumblebee%2Ffeed-images%2Ffc888a052e41e7ba1254d7db2abb92c0%2Cs3%3A%2F%2Fsgn-prd-bumblebee%2Ffeed-images%2F66b23be6ccf28c6ba4268cb03f202171%2Cs3%3A%2F%2Fsgn-prd-bumblebee%2Ffeed-images%2F688dbba8deba15868f8be11688004a54%2Cs3%3A%2F%2Fsgn-prd-bumblebee%2Ffeed-images%2F01367f8fcae1d43411698e0dbf0b966e&w=252&s=fdefea590b8e75d6452177e59d8639c7,,70,cl,2025-04-18
Coop,Irma frugttærter*,42,,https://image-transformer-api.tjek.com/?_id=v2&h=631&u=s3%3A%2F%2Fsgn-prd-bumblebee%2Ffeed-images%2F2dfacc883bd144d7e42937d2ffbc5891&w=552&s=ed48ae7fe4c5b360e74fdb4e094da90e,,420-430,g,2025-04-18
Coop,Irma økologiske chokoladeplader*,22,,https://image-transformer-api.tjek.com/?_id=v2.6&h=260&u=s3%3A%2F%2Fsgn-prd-bumblebee%2Ffeed-images%2F185736fa5e75290c77af20cb596531da%2Cs3%3A%2F%2Fsgn-prd-bumblebee%2Ffeed-images%2F45d643d2417208ba8417bf530993a2e6%2Cs3%3A%2F%2Fsgn-prd-bumblebee%2Ffeed-images%2F82db162f0fec2deaf1bb8d593ae02d40&w=552&s=9a48252aeb02f56a6503ee5b2a11e452,,100,g,2025-04-18
Coop,Irma marcipanbrød*,10,,https://image-transformer-api.tjek.com/?_id=v2&h=260&u=s3%3A%2F%2Fsgn-prd-bumblebee%2Ffeed-images%2F56e357bf75a2c5e914ffcc323025b05b&w=252&s=87f95d34621429c57c5d78efb2d86845,,35,g,2025-04-18
Coop,Irma blå eller Irma Grøn økologisk formalet kaffe*,55,,https://image-transformer-api.tjek.com/?_id=v2.6&h=241&u=s3%3A%2F%2Fsgn-prd-bumblebee%2Ffeed-images%2Fc767b1c3b357ca32de964899962bbee7%2Cs3%3A%2F%2Fsgn-prd-bumblebee%2Ffeed-images%2Febe8daf54e8994cb687fac5766059a58&w=252&s=9d40f50c6ec0790ed6edd87b9e040738,,500,g,2025-04-18
Coop,Irmas tørsaltet bacon*,45,,https://image-transformer-api.tjek.com/?_id=v2&h=631&u=s3%3A%2F%2Fsgn-prd-bumblebee%2Ffeed-images%2F3fa9f0db42556f751f2544897bf14706&w=552&s=f6388a041735b1515f7ccfc629e6c510,,300,g,2025-04-18
Coop,Irmas hjortepaté*,12,,https://image-transformer-api.tjek.com/?_id=v2&h=260&u=s3%3A%2F%2Fsgn-prd-bumblebee%2Ffeed-images%2F75ec2e651046b7e1e80cd06300a6de1b&w=552&s=0619806d270f32fd6e9c73a41ba58c18,,100,g,2025-04-18
Coop,Irmas remoulade eller mayonnaise i pose*,15,,https://image-transformer-api.tjek.com/?_id=v2.6&h=241&u=s3%3A%2F%2Fsgn-prd-bumblebee%2Ffeed-images%2Fce52e47bb6de1fdd5c768f68d83671d9%2Cs3%3A%2F%2Fsgn-prd-bumblebee%2Ffeed-images%2F457fafde0654f163043b9aa1fb2b184f&w=252&s=937f29f696e3002b7a52728351ffe272,,200-250,g,2025-04-18
Coop,Irma islandsk flagesalt,28,,https://image-transformer-api.tjek.com/?_id=v2&h=260&u=s3%3A%2F%2Fsgn-prd-bumblebee%2Ffeed-images%2Fa160b108db5795404f3f9037e10cf12d&w=252&s=f35f5277d65a8aa72b9d20d5844735ea,,250,g,2025-04-18
Coop,Irma gourmetsaltet flæskesteg,40,,https://image-transformer-api.tjek.com/?_id=v2&h=323&u=s3%3A%2F%2Fsgn-prd-bumblebee%2Ffeed-images%2F539f19360791d3457e5aa19c90ffa674&w=216&s=0ed67acb0a1cb76021309f5b53b6eaf8,,,,2025-04-18
Coop,Irma knækbrød*,20,,https://image-transformer-api.tjek.com/?_id=v2.6&h=631&u=s3%3A%2F%2Fsgn-prd-bumblebee%2Ffeed-images%2F7b97cbebe53494021acc54b8a1363776%2Cs3%3A%2F%2Fsgn-prd-bumblebee%2Ffeed-images%2F04ad8c8e1b2a09f53cc9e8d8a729d6bd&w=552&s=206d7669c007636341ec903a9b533f51,,190-220,g,2025-04-18
Coop,Irma Genovese pesto*,35,,https://image-transformer-api.tjek.com/?_id=v2&h=260&u=s3%3A%2F%2Fsgn-prd-bumblebee%2Ffeed-images%2F05fc8d934e8d573d3df20dba1ff356ca&w=552&s=fedc745dccfa4494201cbb3953fdfe3d,,140,g,2025-04-18
Coop,Irmas varmrøget laks*,38,,https://image-transformer-api.tjek.com/?_id=v2.6&h=260&u=s3%3A%2F%2Fsgn-prd-bumblebee%2Ffeed-images%2F328b8ab11a5bae3bc8fa92cad3068068%2Cs3%3A%2F%2Fsgn-prd-bumblebee%2Ffeed-images%2Fdade4378dc1893b804ae2b33fded8541&w=252&s=218c41700c9c319b5821ba7fbd1df8a6,,125,g,2025-04-18
Coop,Irma vannamei rejer*,35,,https://image-transformer-api.tjek.com/?_id=v2&h=260&u=s3%3A%2F%2Fsgn-prd-bumblebee%2Ffeed-images%2Fe5b6995953640c46b05a8c131c67e6aa&w=252&s=ce7270ed30a9a0297901d521ea8cd300,,170,g,2025-04-18
Coop,Irmas gammeldags modnede sild*,29,,https://image-transformer-api.tjek.com/?_id=v2.6&h=260&u=s3%3A%2F%2Fsgn-prd-bumblebee%2Ffeed-images%2F66aa87688b210b1772f2304de5f9891b%2Cs3%3A%2F%2Fsgn-prd-bumblebee%2Ffeed-images%2Fa9311e295dab74ebe6b6cfd8c9576153%2Cs3%3A%2F%2Fsgn-prd-bumblebee%2Ffeed-images%2F207c08ca9309565450226edcbee0eec6&w=1152&s=83a33fef5513f237edc6cf4d79ead1bb,,245-250,g,2025-04-18
Coop,Irmas økologiske Heiberg marmelade*,25,,https://image-transformer-api.tjek.com/?_id=v2.6&h=631&u=s3%3A%2F%2Fsgn-prd-bumblebee%2Ffeed-images%2Fc9a06a825aaa459f538bef97cf73b935%2Cs3%3A%2F%2Fsgn-prd-bumblebee%2Ffeed-images%2F906b07f28ce51ebabb6c3e726f0829ed%2Cs3%3A%2F%2Fsgn-prd-bumblebee%2Ffeed-images%2F0b15780625c8fc548b01b6ff8ac71e6b&w=552&s=975c9e0b7235e54d3e75c782c1fadf3b,,240-250,g,2025-04-18
Coop,Irma økologisk pizza*,55,,https://image-transformer-api.tjek.com/?_id=v2.6&h=260&u=s3%3A%2F%2Fsgn-prd-bumblebee%2Ffeed-images%2F1720d28f6041331121ff7d5ce3398525%2Cs3%3A%2F%2Fsgn-prd-bumblebee%2Ffeed-images%2F862e9ce483bfe3f31b64e02a2a3056b3%2Cs3%3A%2F%2Fsgn-prd-bumblebee%2Ffeed-images%2Fe1a4b99ac6ff2ecc645044d1b1dd52bb&w=552&s=773c1078f3226900983b101c3c142769,,400,g,2025-04-18
Coop,Irma økologisk ketchup,25,,https://image-transformer-api.tjek.com/?_id=v2&h=260&u=s3%3A%2F%2Fsgn-prd-bumblebee%2Ffeed-images%2F796496a8a42a7933315359838ee54e95&w=252&s=67334020141d708a3b1cb2ced19433ce,,340,g,2025-04-18
Coop,Irma økologisk rugbrødsblanding*,25,,https://image-transformer-api.tjek.com/?_id=v2&h=260&u=s3%3A%2F%2Fsgn-prd-bumblebee%2Ffeed-images%2F93fe200f9065086a83330c1aacab8144&w=252&s=bd441a977153d455d170c9862738e1e2,,540,g,2025-04-18
Coop,Mutti økologiske flåede tomater,10,,https://image-transformer-api.tjek.com/?_id=v2&h=631&u=s3%3A%2F%2Fsgn-prd-bumblebee%2Ffeed-images%2F54dc046e7bed34075eab566c6400a9f4&w=552&s=a9e80ae86a5992c42446a4e1020154ed,,400,g,2025-04-18
Coop,Thise økologisk vesterhavsost*,45,,https://image-transformer-api.tjek.com/?_id=v2&h=260&u=s3%3A%2F%2Fsgn-prd-bumblebee%2Ffeed-images%2Fe8c3d107221a0f8407b6d4ac28eaca84&w=552&s=27a3088daf46892ae19ac93053947f63,,225,g,2025-04-18
Coop,Thise økologisk skyr*,28,,https://image-transformer-api.tjek.com/?_id=v2&h=260&u=s3%3A%2F%2Fsgn-prd-bumblebee%2Ffeed-images%2F6f19b6114ee6b6cba594bf09cfac4f7b&w=252&s=b44ce563e81fbb3901291d3e6f5da146,,1,kg,2025-04-18
Coop,Urtekram økologisk tørret frugt*,22,,https://image-transformer-api.tjek.com/?_id=v2.6&h=260&u=s3%3A%2F%2Fsgn-prd-bumblebee%2Ffeed-images%2Ffe14a9b0896327f45350200a48cd6e7c%2Cs3%3A%2F%2Fsgn-prd-bumblebee%2Ffeed-images%2Faad7968e51aa425c7676ac62d764c245&w=252&s=9c8335926585e1a3032f34af9fed2442,,110-325,g,2025-04-18
Coop,365 økologiske bær*,15,,https://image-transformer-api.tjek.com/?_id=v2.6&h=260&u=s3%3A%2F%2Fsgn-prd-bumblebee%2Ffeed-images%2Fa56267002a4d73708d37182fc80c02ec%2Cs3%3A%2F%2Fsgn-prd-bumblebee%2Ffeed-images%2Fd607d5934ff43486e8ef7891b97c3281&w=1152&s=bf71fb92b8178563881a6f3b2d26e4d1,,200-250,g,2025-04-18
Coop,Hel kylling eller hakket kylling 7-10%,39,,https://image-transformer-api.tjek.com/?_id=v2&h=631&u=s3%3A%2F%2Fsgn-prd-bumblebee%2Ffeed-images%2F0fdd374161414cc3583e9832c7e878ea&w=552&s=69395ea7a51deadb6e81346005024d1b,,1000-1350,g,2025-04-18
Coop,Marineret lammeculotte,65,,https://image-transformer-api.tjek.com/?_id=v2&h=260&u=s3%3A%2F%2Fsgn-prd-bumblebee%2Ffeed-images%2Fb346b53b2e7085d1215b6542bc9c7709&w=552&s=611fbf0d44f3c6399ae4df6355a808a0,,300-400,g,2025-04-18
Coop,Danske Egnsgårde kalve entrecote eller ribeye,45,,https://image-transformer-api.tjek.com/?_id=v2.6&h=241&u=s3%3A%2F%2Fsgn-prd-bumblebee%2Ffeed-images%2F464520e2f96774b2357bf9136c8d3e42%2Cs3%3A%2F%2Fsgn-prd-bumblebee%2Ffeed-images%2Ffad10686541658b17b9c253af9b9191f&w=252&s=1051fe2ed75c252799617cf2ebf9b991,,200,g,2025-04-18
Coop,"Hakket oksekød, koteletter, kyllingebryst eller inderfilet",69,,https://image-transformer-api.tjek.com/?_id=v2&h=241&u=s3%3A%2F%2Fsgn-prd-bumblebee%2Ffeed-images%2Fac4baaa0686a7790aa0e09eb8f7508fc&w=252&s=a8047f547999a3617a864a232f70440b,,800-1000,g,2025-04-18
Coop,"Glyngøre rødspætte-, lakse- eller torskefilet",45,,https://image-transformer-api.tjek.com/?_id=v2.6&h=260&u=s3%3A%2F%2Fsgn-prd-bumblebee%2Ffeed-images%2Fd720be20276a999df263cf91315d996d%2Cs3%3A%2F%2Fsgn-prd-bumblebee%2Ffeed-images%2Fca3c124ed6e1ab0a12d4eab6ec64403b%2Cs3%3A%2F%2Fsgn-prd-bumblebee%2Ffeed-images%2F5b02db94b091fdd47566cb3134ef3a4b&w=1152&s=28d930353b69145c0f80a641e8a27d11,,225-250,g,2025-04-18
Coop,Empanadas*,29,,https://image-transformer-api.tjek.com/?_id=v2.6&h=260&u=s3%3A%2F%2Fsgn-prd-bumblebee%2Ffeed-images%2F0aaa10c0ce02920e86078dd7162deef6%2Cs3%3A%2F%2Fsgn-prd-bumblebee%2Ffeed-images%2Fe969bbeda637fe900e8b509ab45a8af6&w=552&s=8ede2a5add7d2b59959c31d1330d5413,,180,g,2025-04-18
Coop,Hønsekød i tern*,69,,https://image-transformer-api.tjek.com/?_id=v2&h=323&u=s3%3A%2F%2Fsgn-prd-bumblebee%2Ffeed-images%2F13121d236488d763a6ba032b9b994c75&w=228&s=251a18560ee8f0d956a2e0604a75642d,,1,kg,2025-04-18
Coop,Fiskepinde eller vildlaks*,20,,https://image-transformer-api.tjek.com/?_id=v2.6&h=260&u=s3%3A%2F%2Fsgn-prd-bumblebee%2Ffeed-images%2Fd5f71f5459c9e697e12d4c404bf56f1d%2Cs3%3A%2F%2Fsgn-prd-bumblebee%2Ffeed-images%2F4d06934ca09e3a20ad784347dba8e892&w=252&s=0035eba7a37c03e0d4f9293f6c8b6650,,200-450,g,2025-04-18
Coop,"Jensens Køkken Bearnaise, Bacon Bearnaise eller Favoritsauce*",12,,https://image-transformer-api.tjek.com/?_id=v2.6&h=241&u=s3%3A%2F%2Fsgn-prd-bumblebee%2Ffeed-images%2Fef52c966c153039913c7050f54411d0c%2Cs3%3A%2F%2Fsgn-prd-bumblebee%2Ffeed-images%2Fb9c1ac7616603e2efbf27eaae9e09b47%2Cs3%3A%2F%2Fsgn-prd-bumblebee%2Ffeed-images%2F46fb3669374d9177836d2c26c526ab30&w=252&s=6f92acb1d220ceeda8be303f7ff7dfe4,,250,ml,2025-04-18
Coop,Blinis*,20,,https://image-transformer-api.tjek.com/?_id=v2&h=260&u=s3%3A%2F%2Fsgn-prd-bumblebee%2Ffeed-images%2Fde553d3d2f449ce7ce1272d43f61d386&w=252&s=ca37f78ba374e399ebcfd15760d26afd,,135,g,2025-04-18
Coop,Naturens Køkken færdigretter*,30,,https://image-transformer-api.tjek.com/?_id=v2.6&h=260&u=s3%3A%2F%2Fsgn-prd-bumblebee%2Ffeed-images%2F2049003adbb41d55b5a3621639541fb7%2Cs3%3A%2F%2Fsgn-prd-bumblebee%2Ffeed-images%2F314f6db5550df3e7b7faeacfa717c041%2Cs3%3A%2F%2Fsgn-prd-bumblebee%2Ffeed-images%2Fa7b260bb5203f9277afde9568ff7d2eb&w=252&s=43c203f65585998717e8ed0642a278d4,,580,g,2025-04-18
Coop,Matilde kakao skummetmælk,12,,https://image-transformer-api.tjek.com/?_id=v2&h=323&u=s3%3A%2F%2Fsgn-prd-bumblebee%2Ffeed-images%2F314fe12db7ce650c4d2aafcaf361ce54&w=141&s=ab7c51f3b127c9281eec5a3a3cb2fb2a,,1,liter,2025-04-18
Coop,Yoggi yoghurt*,15,,https://image-transformer-api.tjek.com/?_id=v2.6&h=260&u=s3%3A%2F%2Fsgn-prd-bumblebee%2Ffeed-images%2Fb46ea3bb1a1b2ef60c852b4c5dc1d965%2Cs3%3A%2F%2Fsgn-prd-bumblebee%2Ffeed-images%2Fe3af5bcf4d0a9df09cf2f7a4240e853a%2Cs3%3A%2F%2Fsgn-prd-bumblebee%2Ffeed-images%2F3480ceffcd988ae8e28eaf1bb830a2a0%2Cs3%3A%2F%2Fsgn-prd-bumblebee%2Ffeed-images%2F86554444f5adde65991b33f82f01e85d&w=552&s=a84270ae2c0061da369e04aff1670028,,1,kg,2025-04-18
Coop,Coop creme fraiche eller Cheasy fraiche,16,,https://image-transformer-api.tjek.com/?_id=v2.6&h=241&u=s3%3A%2F%2Fsgn-prd-bumblebee%2Ffeed-images%2Fb71c967cbe0a63b9885d083777247b00%2Cs3%3A%2F%2Fsgn-prd-bumblebee%2Ffeed-images%2F17e272910f023f5e566135de775a3fdb%2Cs3%3A%2F%2Fsgn-prd-bumblebee%2Ffeed-images%2F7038f3c7c6d22d1be245e2f2f149d57d&w=252&s=e4313b3c8773e3dcd0b5afa01a7eb18b,,500,g,2025-04-18
Coop,Puck ost*,29,,https://image-transformer-api.tjek.com/?_id=v2&h=260&u=s3%3A%2F%2Fsgn-prd-bumblebee%2Ffeed-images%2F589f66d2a24b684f13c58a677cc879c4&w=252&s=f0ef0176d8148ea7d6e1f353a972f599,,500,g,2025-04-18
Coop,Arla proteindrik,12,,https://image-transformer-api.tjek.com/?_id=v2.6&h=260&u=s3%3A%2F%2Fsgn-prd-bumblebee%2Ffeed-images%2F8d53b867b26f493a81761ebbad2e7ebc%2Cs3%3A%2F%2Fsgn-prd-bumblebee%2Ffeed-images%2Fe704c01e8dc5a6a0ef4247c03bda1cb8%2Cs3%3A%2F%2Fsgn-prd-bumblebee%2Ffeed-images%2F2af10055522a541a082d632e4d6dc70b&w=252&s=0d689668c7d268f24e8f7c170805b76b,,500,ml,2025-04-18
Coop,"Økologisk Godmorgen juice, nektar eller Valsølille lemonade*",25,,https://image-transformer-api.tjek.com/?_id=v2.6&h=241&u=s3%3A%2F%2Fsgn-prd-bumblebee%2Ffeed-images%2F5b1f5fc0c752c2f0e90dad88c21ac482%2Cs3%3A%2F%2Fsgn-prd-bumblebee%2Ffeed-images%2F77a39cc52d1006b2e81a526e5381378f%2Cs3%3A%2F%2Fsgn-prd-bumblebee%2Ffeed-images%2Fe1473f0dbff940eee355adb7ecb7f9ab&w=252&s=3cc37d4a792df7484a9e79d602bcb09d,,850,ml,2025-04-18
Coop,Valsemøllen dansk hvedemel*,12,,https://image-transformer-api.tjek.com/?_id=v2&h=323&u=s3%3A%2F%2Fsgn-prd-bumblebee%2Ffeed-images%2F8e68f2ae2e5648f9a0dd25ac6c40d77e&w=201&s=70e7208030b978d16ad6a8d569549bc7,,2000,g,2025-04-18
Coop,Fruit Dippies*,25,,https://image-transformer-api.tjek.com/?_id=v2.6&h=260&u=s3%3A%2F%2Fsgn-prd-bumblebee%2Ffeed-images%2F734fe614b53e31ff1142142c80cb68ca%2Cs3%3A%2F%2Fsgn-prd-bumblebee%2Ffeed-images%2F47192ebcbc8aec1dbb897974dbf9ce26&w=552&s=525678141f2c3523a0c6e69c1344f39d,,100,g,2025-04-18
Coop,365 økologiske Kammerjunkere*,15,,https://image-transformer-api.tjek.com/?_id=v2&h=260&u=s3%3A%2F%2Fsgn-prd-bumblebee%2Ffeed-images%2F59046582516ffe287f863e84d5f93e18&w=252&s=57d8a892acb15792f3c680b605033844,,250,g,2025-04-18
Coop,Axa müsli,29,,https://image-transformer-api.tjek.com/?_id=v2.6&h=260&u=s3%3A%2F%2Fsgn-prd-bumblebee%2Ffeed-images%2F9a2cca20c2922e98896fe9f9f843911c%2Cs3%3A%2F%2Fsgn-prd-bumblebee%2Ffeed-images%2Faef7d7844964b7a5aee71441770b3a03&w=252&s=400b38c60c314e829e61a1e2f092cd49,,750,g,2025-04-18
Coop,Sæby tun*,12,,https://image-transformer-api.tjek.com/?_id=v2.6&h=260&u=s3%3A%2F%2Fsgn-prd-bumblebee%2Ffeed-images%2F2e8c7497a2ac1513a797ea4a3d6b75ff%2Cs3%3A%2F%2Fsgn-prd-bumblebee%2Ffeed-images%2F3ccb3201a19c42731ae47f8a8f5fcc7b&w=252&s=d2b088025b93fd09b401ea27bd31dd18,,105,g,2025-04-18
Coop,Knorr sauce*,14,,https://image-transformer-api.tjek.com/?_id=v2.6&h=260&u=s3%3A%2F%2Fsgn-prd-bumblebee%2Ffeed-images%2F70a4185f75b12ad5fc004e861984f83e%2Cs3%3A%2F%2Fsgn-prd-bumblebee%2Ffeed-images%2F89bba1382f1cbb1f1c70bb6252a6f5a6%2Cs3%3A%2F%2Fsgn-prd-bumblebee%2Ffeed-images%2F279a19a8e4597c3b667f8db777c22cf8&w=252&s=a32a23d16e4ecbbf7557a2e80d1d624b,,57-102,g,2025-04-18
Coop,Bønner*,8,,https://image-transformer-api.tjek.com/?_id=v2.6&h=631&u=s3%3A%2F%2Fsgn-prd-bumblebee%2Ffeed-images%2Fb6d59171b5a5cd2c493fdb56d202f9b8%2Cs3%3A%2F%2Fsgn-prd-bumblebee%2Ffeed-images%2Fc822c968452b12bcdec4d8bb116cbc66&w=552&s=b59eba14a83c57de9e25b29ef4922a70,,230-390,g,2025-04-18
Coop,Frø eller kerner*,10,,https://image-transformer-api.tjek.com/?_id=v2.6&h=260&u=s3%3A%2F%2Fsgn-prd-bumblebee%2Ffeed-images%2F316c24eb6c928baf5badb702db0ba80b%2Cs3%3A%2F%2Fsgn-prd-bumblebee%2Ffeed-images%2Fd9f766132c5e1016c534fb8ceee50ece%2Cs3%3A%2F%2Fsgn-prd-bumblebee%2Ffeed-images%2F0c159a3927a82c4d325f196402bda411&w=552&s=d08665c8409f207e9d9359294b77d222,,30-400,g,2025-04-18
Coop,Ranchers cut,12,,https://image-transformer-api.tjek.com/?_id=v2.6&h=260&u=s3%3A%2F%2Fsgn-prd-bumblebee%2Ffeed-images%2F5bf92a20ee7dc4dfd6c4fcdd95488590%2Cs3%3A%2F%2Fsgn-prd-bumblebee%2Ffeed-images%2Fc36eef1dd05ffd888edc776ad2f8f879%2Cs3%3A%2F%2Fsgn-prd-bumblebee%2Ffeed-images%2F7a66981d90912bedfbc9d8acdaaaa209&w=252&s=2723a07309e6b3b8e3ee5357fb3529d3,,175,g,2025-04-18
Coop,Chokoflager,16,,https://image-transformer-api.tjek.com/?_id=v2&h=260&u=s3%3A%2F%2Fsgn-prd-bumblebee%2Ffeed-images%2Fb32054302b58740a5d9f4223ec265c2e&w=252&s=9b9b62587499b6173e563ec9997e81e9,,300,g,2025-04-18
Coop,Sandwich eller wraps,18,,https://image-transformer-api.tjek.com/?_id=v2.6&h=631&u=s3%3A%2F%2Fsgn-prd-bumblebee%2Ffeed-images%2F1ee2351715eb958580396a53056f2565%2Cs3%3A%2F%2Fsgn-prd-bumblebee%2Ffeed-images%2F8c51248f905d75b0a2eb144e5358e1e1%2Cs3%3A%2F%2Fsgn-prd-bumblebee%2Ffeed-images%2F624cd099eecb67bf9f43b231f5ce5464%2Cs3%3A%2F%2Fsgn-prd-bumblebee%2Ffeed-images%2Fd5c8ad887497ea3feadf160cdec268de&w=552&s=9176b2fb426d948d5256335f967f19d9,,170-190,g,2025-04-18
Coop,Coop Skæreost,49,,https://image-transformer-api.tjek.com/?_id=v2&h=260&u=s3%3A%2F%2Fsgn-prd-bumblebee%2Ffeed-images%2Ffadbcfdd7ef432ae9e789313c7eaedff&w=552&s=306dc788f58dcb4a89311bbf0d8ae683,,423,g,2025-04-18
Coop,Fettuccine spinat,9,,https://image-transformer-api.tjek.com/?_id=v2&h=260&u=s3%3A%2F%2Fsgn-prd-bumblebee%2Ffeed-images%2Ff75e096ed3f38c66146d6f66e83ca359&w=252&s=75d3552886cf0aaa2bdbc238d1f6839a,,250,g,2025-04-18
Coop,Fersk dej,10,,https://image-transformer-api.tjek.com/?_id=v2&h=260&u=s3%3A%2F%2Fsgn-prd-bumblebee%2Ffeed-images%2Fdf4f767307b54fa67a41540a23db0dd7&w=252&s=46988800dc97b132c5aa8fd391062a4b,,275-400,g,2025-04-18
Coop,100% Grenache,49,,https://image-transformer-api.tjek.com/?_id=v2&h=323&u=s3%3A%2F%2Fsgn-prd-bumblebee%2Ffeed-images%2Fa8c4212064406948d6d95e86042494fc&w=174&s=a341cf856bb8e82932df72365c9bd9c7,,75,cl,2025-04-18
Coop,Pesto,10,,https://image-transformer-api.tjek.com/?_id=v2&h=260&u=s3%3A%2F%2Fsgn-prd-bumblebee%2Ffeed-images%2Fb14851fe538fbc1722f9313a372a0d11&w=552&s=18b945dfe643c75ff7097040ae84b5e4,,190,g,2025-04-18
Coop,Adventuros*,11,,https://image-transformer-api.tjek.com/?_id=v2.6&h=631&u=s3%3A%2F%2Fsgn-prd-bumblebee%2Ffeed-images%2Fdf5cdf351cf4170b9c43fb377798fc71%2Cs3%3A%2F%2Fsgn-prd-bumblebee%2Ffeed-images%2F82fe43768d9e1365c11aa4ec3c488a87%2Cs3%3A%2F%2Fsgn-prd-bumblebee%2Ffeed-images%2F12c44ab41aed2c48a18dd735faf18fdd&w=552&s=1c184b2c4b8c7bf54ef3cafd40e7c413,,90,g,2025-04-18
Coop,Hundelegetøj*,29,,https://image-transformer-api.tjek.com/?_id=v2.6&h=260&u=s3%3A%2F%2Fsgn-prd-bumblebee%2Ffeed-images%2Faa69bc884935374db87e3b4c8c74ee42%2Cs3%3A%2F%2Fsgn-prd-bumblebee%2Ffeed-images%2Fe930f25a24599de3274d69ebdb248fa4&w=552&s=75b5b35201de0c6bbaef98b6e405fadd,,,,2025-04-18
Coop,Dogman hundeshampoo*,35,,https://image-transformer-api.tjek.com/?_id=v2&h=260&u=s3%3A%2F%2Fsgn-prd-bumblebee%2Ffeed-images%2F1eb6b75c8ea10819a89fc827f7667595&w=252&s=1d5c80475f1110b03178ab5a8d16f91f,,250,ml,2025-04-18
Coop,Dogman lollipop eller spinner,8,,https://image-transformer-api.tjek.com/?_id=v2.6&h=222&u=s3%3A%2F%2Fsgn-prd-bumblebee%2Ffeed-images%2F02daeda01946f7ed357786a65f66ff61%2Cs3%3A%2F%2Fsgn-prd-bumblebee%2Ffeed-images%2Fd4f91135f37b9763117a581036cd1eaf&w=252&s=78e997fb32806c685e761f49d30b95ad,,17-34,g,2025-04-18
Coop,Pedigree small tørkost*,69,,https://image-transformer-api.tjek.com/?_id=v2&h=323&u=s3%3A%2F%2Fsgn-prd-bumblebee%2Ffeed-images%2Fe39b089be4f81df213ad3f2e7b98bdb4&w=172&s=d5b8a850ce7ce4b891f4d55f036e9dfc,,2,kg,2025-04-18
Coop,Skærebræt*,25,,https://image-transformer-api.tjek.com/?_id=v2&h=323&u=s3%3A%2F%2Fsgn-prd-bumblebee%2Ffeed-images%2F764aeac528feac3a7347af5008780f98&w=265&s=39fc3b53b65df4ca995309493323937e,,,,2025-04-18
Coop,Derma solcreme*,65,,https://image-transformer-api.tjek.com/?_id=v2.6&h=631&u=s3%3A%2F%2Fsgn-prd-bumblebee%2Ffeed-images%2F17db959acc6a3b111622c272b4cc0d16%2Cs3%3A%2F%2Fsgn-prd-bumblebee%2Ffeed-images%2F527bd95ce3f6ff56b0c01bd8ce2514cf%2Cs3%3A%2F%2Fsgn-prd-bumblebee%2Ffeed-images%2F9ed22718462c9085952270c90262e33c%2Cs3%3A%2F%2Fsgn-prd-bumblebee%2Ffeed-images%2F99091b6b7f64cb995d56904591fb79b8%2Cs3%3A%2F%2Fsgn-prd-bumblebee%2Ffeed-images%2F6a9535b41d26727cbc953ac23cc605f1&w=552&s=370a16a41ca907741683ff31ccc37585,,150-200,ml,2025-04-18
Coop,"Palmolive deo roll-on, håndsæbe eller shower gel*",12,,https://image-transformer-api.tjek.com/?_id=v2.6&h=260&u=s3%3A%2F%2Fsgn-prd-bumblebee%2Ffeed-images%2Fc15617ff010ad98324b59e97a85a0090%2Cs3%3A%2F%2Fsgn-prd-bumblebee%2Ffeed-images%2F2a25cf9a6d7afbd1c9fd608b0cc7c123%2Cs3%3A%2F%2Fsgn-prd-bumblebee%2Ffeed-images%2F9b2d76ae858b6ccb758c02e6e162eabe%2Cs3%3A%2F%2Fsgn-prd-bumblebee%2Ffeed-images%2F439815e203db7b46e09684860c4371fc%2Cs3%3A%2F%2Fsgn-prd-bumblebee%2Ffeed-images%2F67bc5dec85d002819374cc783812058d&w=552&s=b1be80714fe5a8f7c5dd99f86d22b901,,50-300,ml,2025-04-18
Coop,Longo Vital eller HUSK*,109,,https://image-transformer-api.tjek.com/?_id=v2.6&h=241&u=s3%3A%2F%2Fsgn-prd-bumblebee%2Ffeed-images%2F56320917b14d8fcf84e1db8cd24aa1e8%2Cs3%3A%2F%2Fsgn-prd-bumblebee%2Ffeed-images%2Fafb216645aed540f099c4dcb935438b4%2Cs3%3A%2F%2Fsgn-prd-bumblebee%2Ffeed-images%2F028daa9a0dcf462c16c835cadb49ea38%2Cs3%3A%2F%2Fsgn-prd-bumblebee%2Ffeed-images%2Fa1908f0a9ab9ecd2e4b19cf1b601789a%2Cs3%3A%2F%2Fsgn-prd-bumblebee%2Ffeed-images%2F387ab1ec9bde8aed82699bd85d7da716&w=252&s=22c73462221efce061ab145b94eabfab,,180-225,stk,2025-04-18
Coop,365 toiletpapir eller køkkenrulle*,20,,https://image-transformer-api.tjek.com/?_id=v2.6&h=260&u=s3%3A%2F%2Fsgn-prd-bumblebee%2Ffeed-images%2F442668753eed3b054d9b2bd07c421b61%2Cs3%3A%2F%2Fsgn-prd-bumblebee%2Ffeed-images%2F43da13b10ab23527c10ee4e628b8f86e&w=252&s=c0c3e555997f23b311d9e8bb3ede33a9,,594-679,g,2025-04-18
Coop,Neophos opvasketabs*,89,,https://image-transformer-api.tjek.com/?_id=v2.6&h=260&u=s3%3A%2F%2Fsgn-prd-bumblebee%2Ffeed-images%2Fa42ef2891811231105b2b0f1e35d85c7%2Cs3%3A%2F%2Fsgn-prd-bumblebee%2Ffeed-images%2F227267508d5899ef0b57a858a90201e7%2Cs3%3A%2F%2Fsgn-prd-bumblebee%2Ffeed-images%2Fe1b5e5fe063eade3d9c2b34949ef5d43%2Cs3%3A%2F%2Fsgn-prd-bumblebee%2Ffeed-images%2F40f194ad0bfd84becf20f76c87d11be3&w=1152&s=2f394015662572f81a7ae5f230dde440,,45-70,stk,2025-04-18
