,Retail,Name,Price,Category,Img,Link,Quantity,Unit,Date of Update
0,Coop,Kærgården,10,,https://image-transformer-api.tjek.com/?_id=v2&h=947&u=s3%3A%2F%2Fsgn-prd-bumblebee%2Ffeed-images%2F7c32fa351e7668f32a34b38c95faa887&w=828&s=df762032c6099318810e23458a81b8f4,,200,g,2025-04-16
1,Coop,K-Salat pålægssalater*,10,,https://image-transformer-api.tjek.com/?_id=v2.6&h=390&u=s3%3A%2F%2Fsgn-prd-bumblebee%2Ffeed-images%2F93531cc062c6188f4ff7e8609d809b15%2Cs3%3A%2F%2Fsgn-prd-bumblebee%2Ffeed-images%2Fe335d520b2e6f00ab62a89301d7197c5%2Cs3%3A%2F%2Fsgn-prd-bumblebee%2Ffeed-images%2Fba61676460b463f665d5a78a8ff57a18%2Cs3%3A%2F%2Fsgn-prd-bumblebee%2Ffeed-images%2Fd33d85b3a7e81cd2d1ea3814ba6e587e%2Cs3%3A%2F%2Fsgn-prd-bumblebee%2Ffeed-images%2Fbd13759e3d553d4316988c727a3e73fa%2Cs3%3A%2F%2Fsgn-prd-bumblebee%2Ffeed-images%2Fa6f86871cc808d3ca5e76dcba0e88c5f%2Cs3%3A%2F%2Fsgn-prd-bumblebee%2Ffeed-images%2Fc2f06e33ef5ca3fc342322e65aece665%2Cs3%3A%2F%2Fsgn-prd-bumblebee%2Ffeed-images%2F42de6eda8aec01d9ae82204e32ca0f0f&w=828&s=ac03d9c66e8c5230a587364c5980f68a,,100-150,g,2025-04-16
2,Coop,Det Gode fra Schulstad eller Hatting Klapper*,10,,https://image-transformer-api.tjek.com/?_id=v2&h=362&u=s3%3A%2F%2Fsgn-prd-bumblebee%2Ffeed-images%2F949c42830832f5d057e6b47dc5203b8e&w=378&s=5135bbc5ffeeff7e795171f7fab70ec1,,360-950,g,2025-04-16
3,Coop,Skrabeæg,10,,https://image-transformer-api.tjek.com/?_id=v2&h=390&u=s3%3A%2F%2Fsgn-prd-bumblebee%2Ffeed-images%2F08da7ad56ab9e071f3e74fc734420df7&w=378&s=c9a4e2b3d83ec5340347d69151377853,,10,stk,2025-04-16
4,Coop,"Bagværk håndværkere, skagenslapper eller multikernestykker*",12,,https://image-transformer-api.tjek.com/?_id=v2.6&h=918&u=s3%3A%2F%2Fsgn-prd-bumblebee%2Ffeed-images%2F70c6f99d37188d72ed0bb12d13c7cdf7%2Cs3%3A%2F%2Fsgn-prd-bumblebee%2Ffeed-images%2F36ccfb458f0098faa01e43c144dc7c5b%2Cs3%3A%2F%2Fsgn-prd-bumblebee%2Ffeed-images%2Fddab2ac328a2d895072251fec5e87aea%2Cs3%3A%2F%2Fsgn-prd-bumblebee%2Ffeed-images%2F7b890b2b3675f79fd5e1db03833c7c38&w=828&s=05cb7000fbbf4a47a9d3220c3f25e930,,350,g,2025-04-16
5,Coop,Coop piskefløde,12,,https://image-transformer-api.tjek.com/?_id=v2&h=485&u=s3%3A%2F%2Fsgn-prd-bumblebee%2Ffeed-images%2F467eee63928c1f3c0750f017dac99842&w=233&s=298789b1c076c884c097504bb5c048f2,,500,ml,2025-04-16
6,Coop,Avocado,5,,https://image-transformer-api.tjek.com/?_id=v2&h=390&u=s3%3A%2F%2Fsgn-prd-bumblebee%2Ffeed-images%2F04ccd6bf18848443ff4daa39ab7693ea&w=828&s=b48a4d07496fa72d6626ab1e445c7d5c,,,,2025-04-16
7,Coop,Glyngøre sild*,18,,https://image-transformer-api.tjek.com/?_id=v2.6&h=947&u=s3%3A%2F%2Fsgn-prd-bumblebee%2Ffeed-images%2F9f952b60ee325f471b08857e1910dfeb%2Cs3%3A%2F%2Fsgn-prd-bumblebee%2Ffeed-images%2F97528ccfad234b9ee0744cb17a2e40a0%2Cs3%3A%2F%2Fsgn-prd-bumblebee%2Ffeed-images%2F45a3eb20800ae1a7624ab406cd5c3a64&w=828&s=f014b7bf060f9f00cfcd1379eab25003,,240-500,g,2025-04-16
8,Coop,Lykkeberg lakse -og skaldyrspaté*,15,,https://image-transformer-api.tjek.com/?_id=v2.6&h=390&u=s3%3A%2F%2Fsgn-prd-bumblebee%2Ffeed-images%2Faa2e5baf871eb4acd9ddceb7ea8e16a0%2Cs3%3A%2F%2Fsgn-prd-bumblebee%2Ffeed-images%2F849597b49fbc7710f10cecc1657dedbb&w=828&s=88986fc875d676de91b232300b1ab677,,200,g,2025-04-16
9,Coop,Røget laks eller varmrøget laks*,55,,https://image-transformer-api.tjek.com/?_id=v2.6&h=390&u=s3%3A%2F%2Fsgn-prd-bumblebee%2Ffeed-images%2Fe6fe36db84091977025a6fb73afb6f31%2Cs3%3A%2F%2Fsgn-prd-bumblebee%2Ffeed-images%2Fffda3b3d955e261b4f6a84d6627ca0ae%2Cs3%3A%2F%2Fsgn-prd-bumblebee%2Ffeed-images%2F467ff90b59dd5e4c08d54588601c2c26&w=378&s=fe61009241b2ef52a2a3eb77105c0444,,200-250,g,2025-04-16
10,Coop,Brøndums Snaps,75,,https://image-transformer-api.tjek.com/?_id=v2&h=390&u=s3%3A%2F%2Fsgn-prd-bumblebee%2Ffeed-images%2F6a137d1935165506d18e19e9d92c6b7b&w=378&s=b4b84bbb1909bbe61b876d08bc0a5401,,70,cl,2025-04-16
11,Coop,Launis ishavsrejer*,25,,https://image-transformer-api.tjek.com/?_id=v2&h=390&u=s3%3A%2F%2Fsgn-prd-bumblebee%2Ffeed-images%2F721bba7c7792df0b76c7a302850399cf&w=1128&s=41a82839700cab75a7b08a58c2b52271,,200,g,2025-04-16
12,Coop,Halehængt røget laks*,99,,https://image-transformer-api.tjek.com/?_id=v2&h=947&u=s3%3A%2F%2Fsgn-prd-bumblebee%2Ffeed-images%2F0ecc2421f4afe8ccd9ad5deab3a7c3de&w=528&s=e23a07b7ad8b47569b0043b217de55cb,,500,g,2025-04-16
13,Coop,Havregrødsbrød*,25,,https://image-transformer-api.tjek.com/?_id=v2&h=390&u=s3%3A%2F%2Fsgn-prd-bumblebee%2Ffeed-images%2Fa1ccdb9cad0eadf6c1c8f66322ebbd7f&w=528&s=1d025da5e63782f09304c560de501ae1,,,,2025-04-16
14,Coop,Lammekølle*,44.95,,https://image-transformer-api.tjek.com/?_id=v2&h=390&u=s3%3A%2F%2Fsgn-prd-bumblebee%2Ffeed-images%2F8dd42e39c325ebc471ce4e57efb1eb55&w=528&s=28a2277380cc3ac2d6cb81b814bccb34,,,,2025-04-16
15,Coop,Steff Houlberg tarteletfyld*,20,,https://image-transformer-api.tjek.com/?_id=v2&h=947&u=s3%3A%2F%2Fsgn-prd-bumblebee%2Ffeed-images%2F5e236ebf02d2ae6b1339533be6d41d4f&w=828&s=88b836511f5e95e386a3fdcd541f4e1d,,350,g,2025-04-16
16,Coop,Paradiso asparges,12,,https://image-transformer-api.tjek.com/?_id=v2&h=485&u=s3%3A%2F%2Fsgn-prd-bumblebee%2Ffeed-images%2F508de0721ea75de18235810ce22a8a5f&w=293&s=f9424d0aa12cf25500726e9f8ad5c2be,,240,g,2025-04-16
17,Coop,Fiskefilet eller rejer*,19,,https://image-transformer-api.tjek.com/?_id=v2.6&h=390&u=s3%3A%2F%2Fsgn-prd-bumblebee%2Ffeed-images%2F57b5dea4cda533de11fe5e246ba22626%2Cs3%3A%2F%2Fsgn-prd-bumblebee%2Ffeed-images%2Fd4a3e9f8a68408d30b34cddb69e16fac&w=378&s=e5d64abd7512acb169ca85d50f2069a3,,150-400,g,2025-04-16
18,Coop,Tarteletter*,10,,https://image-transformer-api.tjek.com/?_id=v2.6&h=390&u=s3%3A%2F%2Fsgn-prd-bumblebee%2Ffeed-images%2F581d351d2752b63e97420cbbacc1738d%2Cs3%3A%2F%2Fsgn-prd-bumblebee%2Ffeed-images%2F34ea36856fa4af7f0472f08222f05b1c&w=378&s=56999d60f3d37a131496be8accbea626,,120-225,g,2025-04-16
19,Coop,Beauvais survarer*,13,,https://image-transformer-api.tjek.com/?_id=v2.6&h=947&u=s3%3A%2F%2Fsgn-prd-bumblebee%2Ffeed-images%2F409669f1055a524af14edc4e5fe15d2d%2Cs3%3A%2F%2Fsgn-prd-bumblebee%2Ffeed-images%2F3bef530b2d64ff65ab8d62ad1f3adab3%2Cs3%3A%2F%2Fsgn-prd-bumblebee%2Ffeed-images%2Fe5cb855fd61e5fd6eac94bfdca866a51&w=828&s=9f64d17e9f71598ef79cf8f3c7e4a85f,,325-580,g,2025-04-16
20,Coop,3-Stjernet pålæg*,12,,https://image-transformer-api.tjek.com/?_id=v2.6&h=390&u=s3%3A%2F%2Fsgn-prd-bumblebee%2Ffeed-images%2F222eab58fe3bba234e59445e8ccfc47c%2Cs3%3A%2F%2Fsgn-prd-bumblebee%2Ffeed-images%2F94fd11c844bd74cccd58d17d9fa00c4f%2Cs3%3A%2F%2Fsgn-prd-bumblebee%2Ffeed-images%2F1241ceb51620121f812f1ed0176d553e%2Cs3%3A%2F%2Fsgn-prd-bumblebee%2Ffeed-images%2F9b4dc8b91c8999ff3a6dbd147fc975bd&w=828&s=0c60627431de31064fb29d1d17919b74,,60-90,g,2025-04-16
21,Coop,Bacon i skiver*,6,,https://image-transformer-api.tjek.com/?_id=v2&h=390&u=s3%3A%2F%2Fsgn-prd-bumblebee%2Ffeed-images%2F93911477595cf482882d42b18cdf3e54&w=378&s=0d83bdaeb8b5540eb72e78ce8c30677f,,100,g,2025-04-16
22,Coop,Stryhns leverpostej*,15,,https://image-transformer-api.tjek.com/?_id=v2.6&h=390&u=s3%3A%2F%2Fsgn-prd-bumblebee%2Ffeed-images%2F1bc7502cf27aee6a42d901dffaa7e26a%2Cs3%3A%2F%2Fsgn-prd-bumblebee%2Ffeed-images%2Fd69cb1a2d620f6ac250726a82e63ef89&w=378&s=70fc9780ffdc6bfa4c603527001bdae7,,400,g,2025-04-16
23,Coop,Bag selv leverpostej*,3.65,,https://image-transformer-api.tjek.com/?_id=v2&h=485&u=s3%3A%2F%2Fsgn-prd-bumblebee%2Ffeed-images%2F912e0718916931d96be522dd8e60ae2e&w=702&s=fc64855290035bc75f897f77fe6d7f01,,250,g,2025-04-16
24,Coop,Hakket grise- og kalvekød eller hakket grisekød 8-12%,25,,https://image-transformer-api.tjek.com/?_id=v2.6&h=390&u=s3%3A%2F%2Fsgn-prd-bumblebee%2Ffeed-images%2F10347797e6f37198ddf06db5844308e7%2Cs3%3A%2F%2Fsgn-prd-bumblebee%2Ffeed-images%2F64fd87682a94ead977a8b78c0e8bf2dc&w=1128&s=144779d254f2aac0939021e8d2433b10,,400-500,g,2025-04-16
25,Coop,Ovnklar flæskesteg,14.95,,https://image-transformer-api.tjek.com/?_id=v2&h=947&u=s3%3A%2F%2Fsgn-prd-bumblebee%2Ffeed-images%2Fcaf4c924c621fdc02df4af47a387907a&w=528&s=b2a3e8b6fbcd73ecf349033b5f8dcde1,,,,2025-04-16
26,Coop,Mørbrad af gris,119,,https://image-transformer-api.tjek.com/?_id=v2&h=390&u=s3%3A%2F%2Fsgn-prd-bumblebee%2Ffeed-images%2F8c45334a32808e53b867ce97d4abf5ee&w=528&s=a51ea825816e3560b821986d5169be8b,,1500-1900,g,2025-04-16
27,Coop,Mini- eller middagsfrikadeller*,25,,https://image-transformer-api.tjek.com/?_id=v2.6&h=362&u=s3%3A%2F%2Fsgn-prd-bumblebee%2Ffeed-images%2Fb02b3dd1b30006670d0317cc93064efe%2Cs3%3A%2F%2Fsgn-prd-bumblebee%2Ffeed-images%2Fc27bb6fa03703feb039860e279fde9a5&w=528&s=361bb5ff95e7562e3ce6b4eaefa2da72,,450-480,g,2025-04-16
28,Coop,Faxe Kondi eller Pepsi Max,9,,https://image-transformer-api.tjek.com/?_id=v2&h=947&u=s3%3A%2F%2Fsgn-prd-bumblebee%2Ffeed-images%2F1f10c75e7c3c049edcdf4bf11a70846f&w=828&s=2a8989eb5cc8c53823b984a8aedb5514,,150,cl,2025-04-16
29,Coop,Magnum is*,25,,https://image-transformer-api.tjek.com/?_id=v2.6&h=390&u=s3%3A%2F%2Fsgn-prd-bumblebee%2Ffeed-images%2F5ae206475b8589e7dfdefb40f6c08cca%2Cs3%3A%2F%2Fsgn-prd-bumblebee%2Ffeed-images%2Ff850a21ee4c6fd7616f1a8b06445af67%2Cs3%3A%2F%2Fsgn-prd-bumblebee%2Ffeed-images%2Fa99af381b67c074209fdf4b461efa31a%2Cs3%3A%2F%2Fsgn-prd-bumblebee%2Ffeed-images%2Ff4c279e2c038b3bf9028242cb633209f%2Cs3%3A%2F%2Fsgn-prd-bumblebee%2Ffeed-images%2Ffd692cbd82e2934773b87d9d2b33c80b&w=828&s=d5af26e5a3cd7881b5f4888872744dd8,,255-330,ml,2025-04-16
30,Coop,Baileys Likør,79,,https://image-transformer-api.tjek.com/?_id=v2&h=390&u=s3%3A%2F%2Fsgn-prd-bumblebee%2Ffeed-images%2F7fb0480850796c90eb089b3366e74531&w=378&s=59bd47cefdd0421256ca2b78d061c9ef,,70,cl,2025-04-16
31,Coop,Gevalia eller Peter Larsen Kaffe*,49,,https://image-transformer-api.tjek.com/?_id=v2.6&h=390&u=s3%3A%2F%2Fsgn-prd-bumblebee%2Ffeed-images%2F958a0377a0ee37528a0fab379decb872%2Cs3%3A%2F%2Fsgn-prd-bumblebee%2Ffeed-images%2Fc920097353a70a3b9a68691533902d0d&w=378&s=5c378a16dba5646da2550969235be2f5,,500,g,2025-04-16
32,Coop,"Budweiser, Corona eller Leffe*",10,,https://image-transformer-api.tjek.com/?_id=v2&h=947&u=s3%3A%2F%2Fsgn-prd-bumblebee%2Ffeed-images%2F9c479096c3fa35c56ee04f83378df6b7&w=828&s=3dd5c3e88031955b7fe38d94e26c7d8f,,33,cl,2025-04-16
33,Coop,Craft Nation Beer,9,,https://image-transformer-api.tjek.com/?_id=v2.6&h=390&u=s3%3A%2F%2Fsgn-prd-bumblebee%2Ffeed-images%2F1be1e23758f40a2120e19aa3212fb58d%2Cs3%3A%2F%2Fsgn-prd-bumblebee%2Ffeed-images%2F1b769170dbcd11e9d3fce27fd5b825b2&w=828&s=0a61221f7522f736328ac63307a20e3f,,33,cl,2025-04-16
34,Coop,"Paulaner, San Miguel eller Urquell*",13,,https://image-transformer-api.tjek.com/?_id=v2.6&h=390&u=s3%3A%2F%2Fsgn-prd-bumblebee%2Ffeed-images%2F27f5bc61cc2b6f8298d2d301b6c06d08%2Cs3%3A%2F%2Fsgn-prd-bumblebee%2Ffeed-images%2F820bb233d25b87d26db9089a46e80c53%2Cs3%3A%2F%2Fsgn-prd-bumblebee%2Ffeed-images%2Ffd2bbf2c0a84461288d21d6f44cc9cec&w=378&s=ae622c358355a13de7a04c72ebcd9e98,,50,cl,2025-04-16
35,Coop,Grimbergen eller Jacobsen*,20,,https://image-transformer-api.tjek.com/?_id=v2.6&h=390&u=s3%3A%2F%2Fsgn-prd-bumblebee%2Ffeed-images%2F5634254274a8ee5b0673b8409b5ec185%2Cs3%3A%2F%2Fsgn-prd-bumblebee%2Ffeed-images%2F2c06142bf4a57c6691e99672906f4fe7%2Cs3%3A%2F%2Fsgn-prd-bumblebee%2Ffeed-images%2Fa1e5ab0e0186f362a4a6155acc1f826f&w=378&s=97ba6423e39458b21da36546a27b50e2,,75,cl,2025-04-16
36,Coop,Castello dessertost*,15,,https://image-transformer-api.tjek.com/?_id=v2&h=947&u=s3%3A%2F%2Fsgn-prd-bumblebee%2Ffeed-images%2Ff65b4b4a96856c1b050a0fb123b950b0&w=828&s=f505bfa4f879facbd07ec4ca03906fb9,,125-200,g,2025-04-16
37,Coop,Røde kernefri druer,18,,https://image-transformer-api.tjek.com/?_id=v2&h=485&u=s3%3A%2F%2Fsgn-prd-bumblebee%2Ffeed-images%2F6b9c318dd413cb9539b7a42a61ff5512&w=303&s=863adad1fe4d038e115aa5d02ad8a2c6,,500,g,2025-04-16
38,Coop,Klovborg skiveost,29,,https://image-transformer-api.tjek.com/?_id=v2&h=390&u=s3%3A%2F%2Fsgn-prd-bumblebee%2Ffeed-images%2Fe31bb428d35639c09f0c73c09f624aaf&w=378&s=bdb0dd2a0cf561fa3428f27a85f2d6ff,,240,g,2025-04-16
39,Coop,Castello Tistrup skæreost*,59,,https://image-transformer-api.tjek.com/?_id=v2.6&h=390&u=s3%3A%2F%2Fsgn-prd-bumblebee%2Ffeed-images%2F1e6378d541af4eb32df9d336d6c4036a%2Cs3%3A%2F%2Fsgn-prd-bumblebee%2Ffeed-images%2F80b7753a3f33b4304084e0305bc6a26e%2Cs3%3A%2F%2Fsgn-prd-bumblebee%2Ffeed-images%2Fcbd2ce504f6ffeb685e77a3ec55dc87e&w=378&s=a682dd996ee6ceff99b2592da099037b,,470,g,2025-04-16
40,Coop,Ostekiks eller Tuc Trio*,20,,https://image-transformer-api.tjek.com/?_id=v2.6&h=485&u=s3%3A%2F%2Fsgn-prd-bumblebee%2Ffeed-images%2F50473f12dd4a06b70b12db15a8ac9201%2Cs3%3A%2F%2Fsgn-prd-bumblebee%2Ffeed-images%2F2be60f4756954cb9c01699cfe50f9a7b&w=800&s=3d80e5a3fe72335faa26081c2c6da56e,,300,g,2025-04-16
41,Coop,Blåbær,28,,https://image-transformer-api.tjek.com/?_id=v2&h=947&u=s3%3A%2F%2Fsgn-prd-bumblebee%2Ffeed-images%2F821825112e0c2e0705f10d05ddf94dbb&w=828&s=7450b73014145c939b29b7bf2105e19a,,250,g,2025-04-16
42,Coop,Cherrytomater på stilk,18,,https://image-transformer-api.tjek.com/?_id=v2&h=485&u=s3%3A%2F%2Fsgn-prd-bumblebee%2Ffeed-images%2F7aad066ecd1041f0a173a7b08e8f6a02&w=272&s=0afa4cb6576aa6e10868009c1469c876,,500,g,2025-04-16
43,Coop,Hvide asparges,20,,https://image-transformer-api.tjek.com/?_id=v2&h=390&u=s3%3A%2F%2Fsgn-prd-bumblebee%2Ffeed-images%2Ff5caf8663c746f5cb80f1976f1275c48&w=378&s=8ebc653f2fa675d3062161af1ddc0f30,,500,g,2025-04-16
44,Coop,Kernefattig vandmelon,28,,https://image-transformer-api.tjek.com/?_id=v2&h=390&u=s3%3A%2F%2Fsgn-prd-bumblebee%2Ffeed-images%2Fc6ee1e02ae36fc0e8df6ea62cb1f07a1&w=378&s=3e9c0aad146045d3e71e10759d68dbad,,,,2025-04-16
45,Coop,Økologiske bananer,22,,https://image-transformer-api.tjek.com/?_id=v2&h=485&u=s3%3A%2F%2Fsgn-prd-bumblebee%2Ffeed-images%2F29446552d72383683d6addf631ba1447&w=612&s=b529ea5eaef9f4dee14a6e2eff62867c,,"1,3",kg,2025-04-16
46,Coop,"Ferrero Collection, Toms hjerteæske eller After Eight*",55,,https://image-transformer-api.tjek.com/?_id=v2&h=918&u=s3%3A%2F%2Fsgn-prd-bumblebee%2Ffeed-images%2F16fdcda34be5a1302abfc16f271a74b6&w=828&s=2618fe5959c402ca7a2d18af79d3a872,,155-400,g,2025-04-16
47,Coop,Haribo slikpose*,12,,https://image-transformer-api.tjek.com/?_id=v2.6&h=390&u=s3%3A%2F%2Fsgn-prd-bumblebee%2Ffeed-images%2Ff218c862e271f5525b067aaae4e3265d%2Cs3%3A%2F%2Fsgn-prd-bumblebee%2Ffeed-images%2Fe3dd513eb7fc47a4a7c77a9b43590761%2Cs3%3A%2F%2Fsgn-prd-bumblebee%2Ffeed-images%2F2f68daeaffff78a8866050fc8dc3dae9%2Cs3%3A%2F%2Fsgn-prd-bumblebee%2Ffeed-images%2F08b94065b79c8208b3dc43b605ebdabb&w=828&s=22fa1ec384af049e8d12babc04c052de,,120,g,2025-04-16
48,Coop,Toms Guldkarameller eller Kæmpe Skildpadder 3-pak*,16,,https://image-transformer-api.tjek.com/?_id=v2.6&h=362&u=s3%3A%2F%2Fsgn-prd-bumblebee%2Ffeed-images%2F4d5f5341ae17cfd039078877d4967952%2Cs3%3A%2F%2Fsgn-prd-bumblebee%2Ffeed-images%2Ff0885542702fd9f1bbfa0a2c524b17aa%2Cs3%3A%2F%2Fsgn-prd-bumblebee%2Ffeed-images%2F427258f267ccaff62a1b6b169e218c98&w=378&s=540691c21916806f5c579a816dff6f78,,84-100,g,2025-04-16
49,Coop,Dan Cake Fyldte Trøffelkugler*,25,,https://image-transformer-api.tjek.com/?_id=v2.6&h=390&u=s3%3A%2F%2Fsgn-prd-bumblebee%2Ffeed-images%2F497d046fd5b028a18d56cfda20ef034b%2Cs3%3A%2F%2Fsgn-prd-bumblebee%2Ffeed-images%2Fafe3ab6aacc9460a384d2bb0b60b6c78%2Cs3%3A%2F%2Fsgn-prd-bumblebee%2Ffeed-images%2F2c394fb05b0017363c280caaa7eced6b&w=378&s=efd6b7434c32a7b85f197ed2193a4f66,,210,g,2025-04-16
50,Coop,Oliventræ - 170 cm høj*,249,,https://image-transformer-api.tjek.com/?_id=v2&h=947&u=s3%3A%2F%2Fsgn-prd-bumblebee%2Ffeed-images%2F16ded01b13ba1ed7e7f121bc9eca0915&w=828&s=2bf3be881809b70ac52f4625d2c7fe92,,26,cm,2025-04-16
51,Coop,Buket*,129,,https://image-transformer-api.tjek.com/?_id=v2&h=390&u=s3%3A%2F%2Fsgn-prd-bumblebee%2Ffeed-images%2F9f95495807d5284bf38f12c35ba3f6ce&w=828&s=da4a22b8c634676354c20335f06c076a,,,,2025-04-16
52,Coop,Bacobe - hvid snow flake eller Rose og blå storblomsterne*,15,,https://image-transformer-api.tjek.com/?_id=v2.6&h=362&u=s3%3A%2F%2Fsgn-prd-bumblebee%2Ffeed-images%2F89ee71789312a9d8b9ef6e34e9e3d955%2Cs3%3A%2F%2Fsgn-prd-bumblebee%2Ffeed-images%2F66a15b562639de5eb269ecfb8e83e80a&w=378&s=9c56869dd8570d1c89e7be6c004a82aa,,,,2025-04-16
53,Coop,Spansk Margurit*,15,,https://image-transformer-api.tjek.com/?_id=v2&h=390&u=s3%3A%2F%2Fsgn-prd-bumblebee%2Ffeed-images%2F5e724ee08e56d194fed34234f49c81c1&w=378&s=4d012791c493230fb5010cf5fbde3aa3,,,,2025-04-16
54,Coop,Pelargonia Zonale*,15,,https://image-transformer-api.tjek.com/?_id=v2&h=485&u=s3%3A%2F%2Fsgn-prd-bumblebee%2Ffeed-images%2F92e4887fd6d7b82762f7e9a46d3f10dd&w=564&s=48a8e167b4f0bcc74e400462848eba94,,,,2025-04-16
55,Coop,Carlsberg eller Tuborg*,89,,https://image-transformer-api.tjek.com/?_id=v2&h=947&u=s3%3A%2F%2Fsgn-prd-bumblebee%2Ffeed-images%2Fc01544ae6d8ae5fa76ab4b83cab48289&w=828&s=97e097e30d226f065da200b5ced1fcfc,,18-20,x,2025-04-16
56,Coop,Taffel Chips*,11,,https://image-transformer-api.tjek.com/?_id=v2.6&h=390&u=s3%3A%2F%2Fsgn-prd-bumblebee%2Ffeed-images%2F4123025bfe090f039d5c36445de8dd84%2Cs3%3A%2F%2Fsgn-prd-bumblebee%2Ffeed-images%2Ffb2120e9c11438a0223842dfb4481477%2Cs3%3A%2F%2Fsgn-prd-bumblebee%2Ffeed-images%2F275d821acd9ccef4226e57799580b014%2Cs3%3A%2F%2Fsgn-prd-bumblebee%2Ffeed-images%2F5c4cbfac2427a8f3171be76a04970444%2Cs3%3A%2F%2Fsgn-prd-bumblebee%2Ffeed-images%2Fd12cebf4246c651d8f4beeeb8ac70ce3&w=828&s=cff901b317405091e407d90784cb9e53,,130-175,g,2025-04-16
57,Coop,"Mokai, Shaker eller Smirnoff*",10,,https://image-transformer-api.tjek.com/?_id=v2.6&h=390&u=s3%3A%2F%2Fsgn-prd-bumblebee%2Ffeed-images%2F7c54a1b79b4c3c4e250ef634882b1ea9%2Cs3%3A%2F%2Fsgn-prd-bumblebee%2Ffeed-images%2F74c7d1d4e59700a7c426f1c7ad5f0af9%2Cs3%3A%2F%2Fsgn-prd-bumblebee%2Ffeed-images%2F9df99eee6c4e02c96db604a81224ee96%2Cs3%3A%2F%2Fsgn-prd-bumblebee%2Ffeed-images%2Ff4418eeff5084131baadaca1bf3f825c&w=378&s=25150721f22ff83969a772b713194dcf,,"27,5",cl,2025-04-16
58,Coop,KiMs XL nødder*,65,,https://image-transformer-api.tjek.com/?_id=v2&h=390&u=s3%3A%2F%2Fsgn-prd-bumblebee%2Ffeed-images%2F55e60c35835a9c56794f967d347b8e56&w=378&s=faddef96ba009912a30e7d3a4dbb1cbe,,325-1000,g,2025-04-16
59,Coop,Blue Keld*,7,,https://image-transformer-api.tjek.com/?_id=v2.6&h=947&u=s3%3A%2F%2Fsgn-prd-bumblebee%2Ffeed-images%2Fbb0d3c6caef5e87267abba5c5b722e06%2Cs3%3A%2F%2Fsgn-prd-bumblebee%2Ffeed-images%2F85a8a7ffa2ed3af8bbe94bcca6b74b98%2Cs3%3A%2F%2Fsgn-prd-bumblebee%2Ffeed-images%2Fc0f274f748271c29a75e0aea16c18fcf&w=828&s=0061cc4ebebca3d2f7707ba3583903bd,,1,liter,2025-04-16
60,Coop,Red Bull*,10,,https://image-transformer-api.tjek.com/?_id=v2.6&h=390&u=s3%3A%2F%2Fsgn-prd-bumblebee%2Ffeed-images%2Fc8a466bbb8b3b88376828654ae7a56ec%2Cs3%3A%2F%2Fsgn-prd-bumblebee%2Ffeed-images%2F0d7cd2e23111b5e1ad8c3c6597d90a0c%2Cs3%3A%2F%2Fsgn-prd-bumblebee%2Ffeed-images%2F1888cee0b44f0657b93f7b3a526e5fdb&w=828&s=0fe6c14c2f7a6ecf67ddf7bdbf762715,,25,cl,2025-04-16
61,Coop,Naturig*,24,,https://image-transformer-api.tjek.com/?_id=v2.6&h=390&u=s3%3A%2F%2Fsgn-prd-bumblebee%2Ffeed-images%2F727fac7aa4d2cda30ad4029819ff517c%2Cs3%3A%2F%2Fsgn-prd-bumblebee%2Ffeed-images%2F6dcd03cffa4d5dcb40148ba05b8177ac%2Cs3%3A%2F%2Fsgn-prd-bumblebee%2Ffeed-images%2F6877ad63cc10a69f4fff0c126b053829&w=378&s=8cd353a34fdbe92b82bb634a95048f46,,,,2025-04-16
62,Coop,Faxe Kondi eller Pepsi*,79,,https://image-transformer-api.tjek.com/?_id=v2.6&h=390&u=s3%3A%2F%2Fsgn-prd-bumblebee%2Ffeed-images%2F44985357e807c0f77e7e6faf7b3c4581%2Cs3%3A%2F%2Fsgn-prd-bumblebee%2Ffeed-images%2Fd3ee5642e5a929a6a446e0dec7734a01%2Cs3%3A%2F%2Fsgn-prd-bumblebee%2Ffeed-images%2F2073575ea15695140f277313a5d676fd&w=378&s=f7f6abc244901b9011e58c56ae14e994,,20,x,2025-04-16
63,Coop,Coca-Cola 24-pak*,79,,https://image-transformer-api.tjek.com/?_id=v2.6&h=390&u=s3%3A%2F%2Fsgn-prd-bumblebee%2Ffeed-images%2F9890fb7db295e4865a7b53c37eccf26a%2Cs3%3A%2F%2Fsgn-prd-bumblebee%2Ffeed-images%2Ff67c9d4cc69e5bd58e42d000c6a97a11&w=1728&s=6d3ad637628e9b2feaea2ab8b645f675,,24,x,2025-04-16
64,Coop,Mateus eller Sumo Man,39,,https://image-transformer-api.tjek.com/?_id=v2&h=390&u=s3%3A%2F%2Fsgn-prd-bumblebee%2Ffeed-images%2F71dd2d2fe83eea966d55bf901fef5193&w=828&s=3035c14faaf5123411eacbe35748d544,,75,cl,2025-04-16
65,Coop,Chester Falls eller Southbank,49,,https://image-transformer-api.tjek.com/?_id=v2.6&h=485&u=s3%3A%2F%2Fsgn-prd-bumblebee%2Ffeed-images%2Fd3d38a0bec5f4877bef57e3b33d8dcbe%2Cs3%3A%2F%2Fsgn-prd-bumblebee%2Ffeed-images%2F12f8145c91a08455aca305bd0333dcd0&w=233&s=def7d38f7bb6ce4e31916bd7585afc90,,75,cl,2025-04-16
66,Coop,"Gallo Moscato, Pink Moscato eller Merlot",45,,https://image-transformer-api.tjek.com/?_id=v2.6&h=362&u=s3%3A%2F%2Fsgn-prd-bumblebee%2Ffeed-images%2F3f205d23f5c33f519937d629e8154f09%2Cs3%3A%2F%2Fsgn-prd-bumblebee%2Ffeed-images%2F8491d3407f103a16d40dac353c91d6c9%2Cs3%3A%2F%2Fsgn-prd-bumblebee%2Ffeed-images%2F766e8f3c623fc5ce79ac5b0e706f373c&w=378&s=7229501117df28f1922994c5b9d292b5,,75,cl,2025-04-16
67,Coop,Falasco Ripasso eller Exhib' Rosé,59,,https://image-transformer-api.tjek.com/?_id=v2.6&h=390&u=s3%3A%2F%2Fsgn-prd-bumblebee%2Ffeed-images%2Fa6fa55ef617dc83366697f931ddd26c4%2Cs3%3A%2F%2Fsgn-prd-bumblebee%2Ffeed-images%2Feaeef93870a5d062b54d78abbfe056e8&w=378&s=79d2446be544a00cc81ad326538fba1f,,75,cl,2025-04-16
68,Coop,Conde Pinel i boks,99,,https://image-transformer-api.tjek.com/?_id=v2.6&h=390&u=s3%3A%2F%2Fsgn-prd-bumblebee%2Ffeed-images%2Fddc0c053fcc81fc92111dbf3cafaf89e%2Cs3%3A%2F%2Fsgn-prd-bumblebee%2Ffeed-images%2F7dc8e93a501b90bbd7e1b0e9f8e43f0f%2Cs3%3A%2F%2Fsgn-prd-bumblebee%2Ffeed-images%2Fdca727d3b1baad5d5e1e3df3569eef28&w=378&s=cec7a01cb18dd51a1932361aa8c695a9,,3,liter,2025-04-16
69,Coop,"Smirnoff Vodka, Captain Morgan, Grant's Whisky eller Gordon's Gin",99,,https://image-transformer-api.tjek.com/?_id=v2.6&h=362&u=s3%3A%2F%2Fsgn-prd-bumblebee%2Ffeed-images%2Ffc888a052e41e7ba1254d7db2abb92c0%2Cs3%3A%2F%2Fsgn-prd-bumblebee%2Ffeed-images%2F66b23be6ccf28c6ba4268cb03f202171%2Cs3%3A%2F%2Fsgn-prd-bumblebee%2Ffeed-images%2F688dbba8deba15868f8be11688004a54%2Cs3%3A%2F%2Fsgn-prd-bumblebee%2Ffeed-images%2F01367f8fcae1d43411698e0dbf0b966e&w=378&s=5e0a40d6789c494eb4a0ddc1301cf318,,70,cl,2025-04-16
70,Coop,Irma frugttærter*,42,,https://image-transformer-api.tjek.com/?_id=v2&h=947&u=s3%3A%2F%2Fsgn-prd-bumblebee%2Ffeed-images%2F2dfacc883bd144d7e42937d2ffbc5891&w=828&s=079d996a2f4a41913b765e26fa122c0f,,420-430,g,2025-04-16
71,Coop,Irma økologiske chokoladeplader*,22,,https://image-transformer-api.tjek.com/?_id=v2.6&h=390&u=s3%3A%2F%2Fsgn-prd-bumblebee%2Ffeed-images%2F185736fa5e75290c77af20cb596531da%2Cs3%3A%2F%2Fsgn-prd-bumblebee%2Ffeed-images%2F45d643d2417208ba8417bf530993a2e6%2Cs3%3A%2F%2Fsgn-prd-bumblebee%2Ffeed-images%2F82db162f0fec2deaf1bb8d593ae02d40&w=828&s=c146be9ec3fa5920ca54f870c1bba4be,,100,g,2025-04-16
72,Coop,Irma marcipanbrød*,10,,https://image-transformer-api.tjek.com/?_id=v2&h=390&u=s3%3A%2F%2Fsgn-prd-bumblebee%2Ffeed-images%2F56e357bf75a2c5e914ffcc323025b05b&w=378&s=834d1bd4bcf95fce6efca9bc33112314,,35,g,2025-04-16
73,Coop,Irma blå eller Irma Grøn økologisk formalet kaffe*,55,,https://image-transformer-api.tjek.com/?_id=v2.6&h=362&u=s3%3A%2F%2Fsgn-prd-bumblebee%2Ffeed-images%2Fc767b1c3b357ca32de964899962bbee7%2Cs3%3A%2F%2Fsgn-prd-bumblebee%2Ffeed-images%2Febe8daf54e8994cb687fac5766059a58&w=378&s=e451c13f6d9414623e500b13f4c00de5,,500,g,2025-04-16
74,Coop,Irmas tørsaltet bacon*,45,,https://image-transformer-api.tjek.com/?_id=v2&h=947&u=s3%3A%2F%2Fsgn-prd-bumblebee%2Ffeed-images%2F3fa9f0db42556f751f2544897bf14706&w=828&s=80dc19777908758b4dd4d731d39351f7,,300,g,2025-04-16
75,Coop,Irmas hjortepaté*,12,,https://image-transformer-api.tjek.com/?_id=v2&h=390&u=s3%3A%2F%2Fsgn-prd-bumblebee%2Ffeed-images%2F75ec2e651046b7e1e80cd06300a6de1b&w=828&s=49a7ecb622424999c54c3d64082bce0a,,100,g,2025-04-16
76,Coop,Irmas remoulade eller mayonnaise i pose*,15,,https://image-transformer-api.tjek.com/?_id=v2.6&h=362&u=s3%3A%2F%2Fsgn-prd-bumblebee%2Ffeed-images%2Fce52e47bb6de1fdd5c768f68d83671d9%2Cs3%3A%2F%2Fsgn-prd-bumblebee%2Ffeed-images%2F457fafde0654f163043b9aa1fb2b184f&w=378&s=ec6e932fc268b00c5a25a80f6a48e525,,200-250,g,2025-04-16
77,Coop,Irma islandsk flagesalt,28,,https://image-transformer-api.tjek.com/?_id=v2&h=390&u=s3%3A%2F%2Fsgn-prd-bumblebee%2Ffeed-images%2Fa160b108db5795404f3f9037e10cf12d&w=378&s=39b9a2bdbd43bd9a931e960911b7d919,,250,g,2025-04-16
78,Coop,Irma gourmetsaltet flæskesteg,40,,https://image-transformer-api.tjek.com/?_id=v2&h=485&u=s3%3A%2F%2Fsgn-prd-bumblebee%2Ffeed-images%2F539f19360791d3457e5aa19c90ffa674&w=324&s=33d71f0d4c420543c819fa4482bc0ba0,,,,2025-04-16
79,Coop,Irma knækbrød*,20,,https://image-transformer-api.tjek.com/?_id=v2.6&h=947&u=s3%3A%2F%2Fsgn-prd-bumblebee%2Ffeed-images%2F7b97cbebe53494021acc54b8a1363776%2Cs3%3A%2F%2Fsgn-prd-bumblebee%2Ffeed-images%2F04ad8c8e1b2a09f53cc9e8d8a729d6bd&w=828&s=4cd5edcb352aea7761b66074eb68fdfc,,190-220,g,2025-04-16
80,Coop,Irma Genovese pesto*,35,,https://image-transformer-api.tjek.com/?_id=v2&h=390&u=s3%3A%2F%2Fsgn-prd-bumblebee%2Ffeed-images%2F05fc8d934e8d573d3df20dba1ff356ca&w=828&s=47a29fc7321dcae21e762db4513daeac,,140,g,2025-04-16
81,Coop,Irmas varmrøget laks*,38,,https://image-transformer-api.tjek.com/?_id=v2.6&h=390&u=s3%3A%2F%2Fsgn-prd-bumblebee%2Ffeed-images%2F328b8ab11a5bae3bc8fa92cad3068068%2Cs3%3A%2F%2Fsgn-prd-bumblebee%2Ffeed-images%2Fdade4378dc1893b804ae2b33fded8541&w=378&s=9f9bdb5f8241bef02461fd337fc67ff5,,125,g,2025-04-16
82,Coop,Irma vannamei rejer*,35,,https://image-transformer-api.tjek.com/?_id=v2&h=390&u=s3%3A%2F%2Fsgn-prd-bumblebee%2Ffeed-images%2Fe5b6995953640c46b05a8c131c67e6aa&w=378&s=8df644a28aaf961ee92f28fd3dc57e6b,,170,g,2025-04-16
83,Coop,Irmas gammeldags modnede sild*,29,,https://image-transformer-api.tjek.com/?_id=v2.6&h=390&u=s3%3A%2F%2Fsgn-prd-bumblebee%2Ffeed-images%2F66aa87688b210b1772f2304de5f9891b%2Cs3%3A%2F%2Fsgn-prd-bumblebee%2Ffeed-images%2Fa9311e295dab74ebe6b6cfd8c9576153%2Cs3%3A%2F%2Fsgn-prd-bumblebee%2Ffeed-images%2F207c08ca9309565450226edcbee0eec6&w=1728&s=75621040669d9273cf400e272e0ebe09,,245-250,g,2025-04-16
84,Coop,Irmas økologiske Heiberg marmelade*,25,,https://image-transformer-api.tjek.com/?_id=v2.6&h=947&u=s3%3A%2F%2Fsgn-prd-bumblebee%2Ffeed-images%2Fc9a06a825aaa459f538bef97cf73b935%2Cs3%3A%2F%2Fsgn-prd-bumblebee%2Ffeed-images%2F906b07f28ce51ebabb6c3e726f0829ed%2Cs3%3A%2F%2Fsgn-prd-bumblebee%2Ffeed-images%2F0b15780625c8fc548b01b6ff8ac71e6b&w=828&s=882f30bd1cefb2eb943341876b9478fb,,240-250,g,2025-04-16
85,Coop,Irma økologisk pizza*,55,,https://image-transformer-api.tjek.com/?_id=v2.6&h=390&u=s3%3A%2F%2Fsgn-prd-bumblebee%2Ffeed-images%2F1720d28f6041331121ff7d5ce3398525%2Cs3%3A%2F%2Fsgn-prd-bumblebee%2Ffeed-images%2F862e9ce483bfe3f31b64e02a2a3056b3%2Cs3%3A%2F%2Fsgn-prd-bumblebee%2Ffeed-images%2Fe1a4b99ac6ff2ecc645044d1b1dd52bb&w=828&s=dc7d021b6a84f9c2a8d2f7f98db320b1,,400,g,2025-04-16
86,Coop,Irma økologisk ketchup,25,,https://image-transformer-api.tjek.com/?_id=v2&h=390&u=s3%3A%2F%2Fsgn-prd-bumblebee%2Ffeed-images%2F796496a8a42a7933315359838ee54e95&w=378&s=483bdfb4aef1a698d2d38875266fc5d1,,340,g,2025-04-16
87,Coop,Irma økologisk rugbrødsblanding*,25,,https://image-transformer-api.tjek.com/?_id=v2&h=390&u=s3%3A%2F%2Fsgn-prd-bumblebee%2Ffeed-images%2F93fe200f9065086a83330c1aacab8144&w=378&s=644d20a17330c71538f62a0106406229,,540,g,2025-04-16
88,Coop,Mutti økologiske flåede tomater,10,,https://image-transformer-api.tjek.com/?_id=v2&h=947&u=s3%3A%2F%2Fsgn-prd-bumblebee%2Ffeed-images%2F54dc046e7bed34075eab566c6400a9f4&w=828&s=939e0d9299abb3a14e4e7dc410a1f715,,400,g,2025-04-16
89,Coop,Thise økologisk vesterhavsost*,45,,https://image-transformer-api.tjek.com/?_id=v2&h=390&u=s3%3A%2F%2Fsgn-prd-bumblebee%2Ffeed-images%2Fe8c3d107221a0f8407b6d4ac28eaca84&w=828&s=040237821d1f80db1edac2f75e468162,,225,g,2025-04-16
90,Coop,Thise økologisk skyr*,28,,https://image-transformer-api.tjek.com/?_id=v2&h=390&u=s3%3A%2F%2Fsgn-prd-bumblebee%2Ffeed-images%2F6f19b6114ee6b6cba594bf09cfac4f7b&w=378&s=927855fe0a2f9ad933f71b6b8fac290d,,1,kg,2025-04-16
91,Coop,Urtekram økologisk tørret frugt*,22,,https://image-transformer-api.tjek.com/?_id=v2.6&h=390&u=s3%3A%2F%2Fsgn-prd-bumblebee%2Ffeed-images%2Ffe14a9b0896327f45350200a48cd6e7c%2Cs3%3A%2F%2Fsgn-prd-bumblebee%2Ffeed-images%2Faad7968e51aa425c7676ac62d764c245&w=378&s=6bef2223e87da489c376a0256ae3e548,,110-325,g,2025-04-16
92,Coop,365 økologiske bær*,15,,https://image-transformer-api.tjek.com/?_id=v2.6&h=390&u=s3%3A%2F%2Fsgn-prd-bumblebee%2Ffeed-images%2Fa56267002a4d73708d37182fc80c02ec%2Cs3%3A%2F%2Fsgn-prd-bumblebee%2Ffeed-images%2Fd607d5934ff43486e8ef7891b97c3281&w=1728&s=fb8551a347c0549ba88c4c4bd5020326,,200-250,g,2025-04-16
93,Coop,Hel kylling eller hakket kylling 7-10%,39,,https://image-transformer-api.tjek.com/?_id=v2&h=947&u=s3%3A%2F%2Fsgn-prd-bumblebee%2Ffeed-images%2F0fdd374161414cc3583e9832c7e878ea&w=828&s=88b20ff0a04c8b83ed395abb485b5648,,1000-1350,g,2025-04-16
94,Coop,Marineret lammeculotte,65,,https://image-transformer-api.tjek.com/?_id=v2&h=390&u=s3%3A%2F%2Fsgn-prd-bumblebee%2Ffeed-images%2Fb346b53b2e7085d1215b6542bc9c7709&w=828&s=f47463ae3317c2ff19043b5191e46e33,,300-400,g,2025-04-16
95,Coop,Danske Egnsgårde kalve entrecote eller ribeye,45,,https://image-transformer-api.tjek.com/?_id=v2.6&h=362&u=s3%3A%2F%2Fsgn-prd-bumblebee%2Ffeed-images%2F464520e2f96774b2357bf9136c8d3e42%2Cs3%3A%2F%2Fsgn-prd-bumblebee%2Ffeed-images%2Ffad10686541658b17b9c253af9b9191f&w=378&s=272f0ee1990bfa6a8466abb941e2bf0d,,200,g,2025-04-16
96,Coop,"Hakket oksekød, koteletter, kyllingebryst eller inderfilet",69,,https://image-transformer-api.tjek.com/?_id=v2&h=362&u=s3%3A%2F%2Fsgn-prd-bumblebee%2Ffeed-images%2Fac4baaa0686a7790aa0e09eb8f7508fc&w=378&s=ead15d2d5a5b004009259c037c78bf31,,800-1000,g,2025-04-16
97,Coop,"Glyngøre rødspætte-, lakse- eller torskefilet",45,,https://image-transformer-api.tjek.com/?_id=v2.6&h=390&u=s3%3A%2F%2Fsgn-prd-bumblebee%2Ffeed-images%2Fd720be20276a999df263cf91315d996d%2Cs3%3A%2F%2Fsgn-prd-bumblebee%2Ffeed-images%2Fca3c124ed6e1ab0a12d4eab6ec64403b%2Cs3%3A%2F%2Fsgn-prd-bumblebee%2Ffeed-images%2F5b02db94b091fdd47566cb3134ef3a4b&w=1728&s=26ce4eb134be14b48f401302030ade67,,225-250,g,2025-04-16
98,Coop,Empanadas*,29,,https://image-transformer-api.tjek.com/?_id=v2.6&h=390&u=s3%3A%2F%2Fsgn-prd-bumblebee%2Ffeed-images%2F0aaa10c0ce02920e86078dd7162deef6%2Cs3%3A%2F%2Fsgn-prd-bumblebee%2Ffeed-images%2Fe969bbeda637fe900e8b509ab45a8af6&w=828&s=6a9444d19f24614c14966efe9b0a80ab,,180,g,2025-04-16
99,Coop,Hønsekød i tern*,69,,https://image-transformer-api.tjek.com/?_id=v2&h=485&u=s3%3A%2F%2Fsgn-prd-bumblebee%2Ffeed-images%2F13121d236488d763a6ba032b9b994c75&w=342&s=b1223f3b5f1df8e1edb2350f6333abf1,,1,kg,2025-04-16
100,Coop,Fiskepinde eller vildlaks*,20,,https://image-transformer-api.tjek.com/?_id=v2.6&h=390&u=s3%3A%2F%2Fsgn-prd-bumblebee%2Ffeed-images%2Fd5f71f5459c9e697e12d4c404bf56f1d%2Cs3%3A%2F%2Fsgn-prd-bumblebee%2Ffeed-images%2F4d06934ca09e3a20ad784347dba8e892&w=378&s=7321eb69e1c8e2038cc4ec3b1766c44d,,200-450,g,2025-04-16
101,Coop,"Jensens Køkken Bearnaise, Bacon Bearnaise eller Favoritsauce*",12,,https://image-transformer-api.tjek.com/?_id=v2.6&h=362&u=s3%3A%2F%2Fsgn-prd-bumblebee%2Ffeed-images%2Fef52c966c153039913c7050f54411d0c%2Cs3%3A%2F%2Fsgn-prd-bumblebee%2Ffeed-images%2Fb9c1ac7616603e2efbf27eaae9e09b47%2Cs3%3A%2F%2Fsgn-prd-bumblebee%2Ffeed-images%2F46fb3669374d9177836d2c26c526ab30&w=378&s=27b6b588e2178bf05075462e803b4294,,250,ml,2025-04-16
102,Coop,Blinis*,20,,https://image-transformer-api.tjek.com/?_id=v2&h=390&u=s3%3A%2F%2Fsgn-prd-bumblebee%2Ffeed-images%2Fde553d3d2f449ce7ce1272d43f61d386&w=378&s=a990ffddd232a148ff33c5472e14a6a6,,135,g,2025-04-16
103,Coop,Naturens Køkken færdigretter*,30,,https://image-transformer-api.tjek.com/?_id=v2.6&h=390&u=s3%3A%2F%2Fsgn-prd-bumblebee%2Ffeed-images%2F2049003adbb41d55b5a3621639541fb7%2Cs3%3A%2F%2Fsgn-prd-bumblebee%2Ffeed-images%2F314f6db5550df3e7b7faeacfa717c041%2Cs3%3A%2F%2Fsgn-prd-bumblebee%2Ffeed-images%2Fa7b260bb5203f9277afde9568ff7d2eb&w=378&s=f9840ba186f472046603e3ce48888f92,,580,g,2025-04-16
104,Coop,Matilde kakao skummetmælk,12,,https://image-transformer-api.tjek.com/?_id=v2&h=485&u=s3%3A%2F%2Fsgn-prd-bumblebee%2Ffeed-images%2F314fe12db7ce650c4d2aafcaf361ce54&w=212&s=7be2fa8c49933bdbf484a7707dce9360,,1,liter,2025-04-16
105,Coop,Yoggi yoghurt*,15,,https://image-transformer-api.tjek.com/?_id=v2.6&h=390&u=s3%3A%2F%2Fsgn-prd-bumblebee%2Ffeed-images%2Fb46ea3bb1a1b2ef60c852b4c5dc1d965%2Cs3%3A%2F%2Fsgn-prd-bumblebee%2Ffeed-images%2Fe3af5bcf4d0a9df09cf2f7a4240e853a%2Cs3%3A%2F%2Fsgn-prd-bumblebee%2Ffeed-images%2F3480ceffcd988ae8e28eaf1bb830a2a0%2Cs3%3A%2F%2Fsgn-prd-bumblebee%2Ffeed-images%2F86554444f5adde65991b33f82f01e85d&w=828&s=bf9c6705b64fd656bbc229ab0496cd0d,,1,kg,2025-04-16
106,Coop,Coop creme fraiche eller Cheasy fraiche,16,,https://image-transformer-api.tjek.com/?_id=v2.6&h=362&u=s3%3A%2F%2Fsgn-prd-bumblebee%2Ffeed-images%2Fb71c967cbe0a63b9885d083777247b00%2Cs3%3A%2F%2Fsgn-prd-bumblebee%2Ffeed-images%2F17e272910f023f5e566135de775a3fdb%2Cs3%3A%2F%2Fsgn-prd-bumblebee%2Ffeed-images%2F7038f3c7c6d22d1be245e2f2f149d57d&w=378&s=e88d694b976d25863107591ee2ac740b,,500,g,2025-04-16
107,Coop,Puck ost*,29,,https://image-transformer-api.tjek.com/?_id=v2&h=390&u=s3%3A%2F%2Fsgn-prd-bumblebee%2Ffeed-images%2F589f66d2a24b684f13c58a677cc879c4&w=378&s=f7c0267205d399a11c616b5c7d4a528d,,500,g,2025-04-16
108,Coop,Arla proteindrik,12,,https://image-transformer-api.tjek.com/?_id=v2.6&h=390&u=s3%3A%2F%2Fsgn-prd-bumblebee%2Ffeed-images%2F8d53b867b26f493a81761ebbad2e7ebc%2Cs3%3A%2F%2Fsgn-prd-bumblebee%2Ffeed-images%2Fe704c01e8dc5a6a0ef4247c03bda1cb8%2Cs3%3A%2F%2Fsgn-prd-bumblebee%2Ffeed-images%2F2af10055522a541a082d632e4d6dc70b&w=378&s=7ee7b7d2d3007b0381e44acd25426099,,500,ml,2025-04-16
109,Coop,"Økologisk Godmorgen juice, nektar eller Valsølille lemonade*",25,,https://image-transformer-api.tjek.com/?_id=v2.6&h=362&u=s3%3A%2F%2Fsgn-prd-bumblebee%2Ffeed-images%2F5b1f5fc0c752c2f0e90dad88c21ac482%2Cs3%3A%2F%2Fsgn-prd-bumblebee%2Ffeed-images%2F77a39cc52d1006b2e81a526e5381378f%2Cs3%3A%2F%2Fsgn-prd-bumblebee%2Ffeed-images%2Fe1473f0dbff940eee355adb7ecb7f9ab&w=378&s=8ddf46c4a93a1293bc7c89a8202f370f,,850,ml,2025-04-16
110,Coop,Valsemøllen dansk hvedemel*,12,,https://image-transformer-api.tjek.com/?_id=v2&h=485&u=s3%3A%2F%2Fsgn-prd-bumblebee%2Ffeed-images%2F8e68f2ae2e5648f9a0dd25ac6c40d77e&w=302&s=c463f097184c3e4426bd3ee566e81fde,,2000,g,2025-04-16
111,Coop,Fruit Dippies*,25,,https://image-transformer-api.tjek.com/?_id=v2.6&h=390&u=s3%3A%2F%2Fsgn-prd-bumblebee%2Ffeed-images%2F734fe614b53e31ff1142142c80cb68ca%2Cs3%3A%2F%2Fsgn-prd-bumblebee%2Ffeed-images%2F47192ebcbc8aec1dbb897974dbf9ce26&w=828&s=e91689e2d6ac928fe05f1b4d4abdb85e,,100,g,2025-04-16
112,Coop,365 økologiske Kammerjunkere*,15,,https://image-transformer-api.tjek.com/?_id=v2&h=390&u=s3%3A%2F%2Fsgn-prd-bumblebee%2Ffeed-images%2F59046582516ffe287f863e84d5f93e18&w=378&s=ff4a4d8a1fa8d971bd8b3c471bd5cf5b,,250,g,2025-04-16
113,Coop,Axa müsli,29,,https://image-transformer-api.tjek.com/?_id=v2.6&h=390&u=s3%3A%2F%2Fsgn-prd-bumblebee%2Ffeed-images%2F9a2cca20c2922e98896fe9f9f843911c%2Cs3%3A%2F%2Fsgn-prd-bumblebee%2Ffeed-images%2Faef7d7844964b7a5aee71441770b3a03&w=378&s=de096cec06b7c3e2ab9f2ab7ac2787ee,,750,g,2025-04-16
114,Coop,Sæby tun*,12,,https://image-transformer-api.tjek.com/?_id=v2.6&h=390&u=s3%3A%2F%2Fsgn-prd-bumblebee%2Ffeed-images%2F2e8c7497a2ac1513a797ea4a3d6b75ff%2Cs3%3A%2F%2Fsgn-prd-bumblebee%2Ffeed-images%2F3ccb3201a19c42731ae47f8a8f5fcc7b&w=378&s=20dac83a4577710adb1947fa356d5a3f,,105,g,2025-04-16
115,Coop,Knorr sauce*,14,,https://image-transformer-api.tjek.com/?_id=v2.6&h=390&u=s3%3A%2F%2Fsgn-prd-bumblebee%2Ffeed-images%2F70a4185f75b12ad5fc004e861984f83e%2Cs3%3A%2F%2Fsgn-prd-bumblebee%2Ffeed-images%2F89bba1382f1cbb1f1c70bb6252a6f5a6%2Cs3%3A%2F%2Fsgn-prd-bumblebee%2Ffeed-images%2F279a19a8e4597c3b667f8db777c22cf8&w=378&s=65ffa393884e24b3d3d4814b4cacda04,,57-102,g,2025-04-16
116,Coop,Bønner*,8,,https://image-transformer-api.tjek.com/?_id=v2.6&h=947&u=s3%3A%2F%2Fsgn-prd-bumblebee%2Ffeed-images%2Fb6d59171b5a5cd2c493fdb56d202f9b8%2Cs3%3A%2F%2Fsgn-prd-bumblebee%2Ffeed-images%2Fc822c968452b12bcdec4d8bb116cbc66&w=828&s=8ad981c2284ad75987c1950969f06c93,,230-390,g,2025-04-16
117,Coop,Frø eller kerner*,10,,https://image-transformer-api.tjek.com/?_id=v2.6&h=390&u=s3%3A%2F%2Fsgn-prd-bumblebee%2Ffeed-images%2F316c24eb6c928baf5badb702db0ba80b%2Cs3%3A%2F%2Fsgn-prd-bumblebee%2Ffeed-images%2Fd9f766132c5e1016c534fb8ceee50ece%2Cs3%3A%2F%2Fsgn-prd-bumblebee%2Ffeed-images%2F0c159a3927a82c4d325f196402bda411&w=828&s=7e6a3fb07f9768793058d6600268925c,,30-400,g,2025-04-16
118,Coop,Ranchers cut,12,,https://image-transformer-api.tjek.com/?_id=v2.6&h=390&u=s3%3A%2F%2Fsgn-prd-bumblebee%2Ffeed-images%2F5bf92a20ee7dc4dfd6c4fcdd95488590%2Cs3%3A%2F%2Fsgn-prd-bumblebee%2Ffeed-images%2Fc36eef1dd05ffd888edc776ad2f8f879%2Cs3%3A%2F%2Fsgn-prd-bumblebee%2Ffeed-images%2F7a66981d90912bedfbc9d8acdaaaa209&w=378&s=2871bbd918e52ccd5ccf586fa28b5eae,,175,g,2025-04-16
119,Coop,Chokoflager,16,,https://image-transformer-api.tjek.com/?_id=v2&h=390&u=s3%3A%2F%2Fsgn-prd-bumblebee%2Ffeed-images%2Fb32054302b58740a5d9f4223ec265c2e&w=378&s=4347ed4a6b3ebf13bf90b05ecda35b0b,,300,g,2025-04-16
120,Coop,Sandwich eller wraps,18,,https://image-transformer-api.tjek.com/?_id=v2.6&h=947&u=s3%3A%2F%2Fsgn-prd-bumblebee%2Ffeed-images%2F1ee2351715eb958580396a53056f2565%2Cs3%3A%2F%2Fsgn-prd-bumblebee%2Ffeed-images%2F8c51248f905d75b0a2eb144e5358e1e1%2Cs3%3A%2F%2Fsgn-prd-bumblebee%2Ffeed-images%2F624cd099eecb67bf9f43b231f5ce5464%2Cs3%3A%2F%2Fsgn-prd-bumblebee%2Ffeed-images%2Fd5c8ad887497ea3feadf160cdec268de&w=828&s=34200054b47ba05cdee2de8fbf552bf7,,170-190,g,2025-04-16
121,Coop,Coop Skæreost,49,,https://image-transformer-api.tjek.com/?_id=v2&h=390&u=s3%3A%2F%2Fsgn-prd-bumblebee%2Ffeed-images%2Ffadbcfdd7ef432ae9e789313c7eaedff&w=828&s=49c944df69631214d4fbafd772d8818a,,423,g,2025-04-16
122,Coop,Fettuccine spinat,9,,https://image-transformer-api.tjek.com/?_id=v2&h=390&u=s3%3A%2F%2Fsgn-prd-bumblebee%2Ffeed-images%2Ff75e096ed3f38c66146d6f66e83ca359&w=378&s=6f590686cf99298f9853077c6cda52e9,,250,g,2025-04-16
123,Coop,Fersk dej,10,,https://image-transformer-api.tjek.com/?_id=v2&h=390&u=s3%3A%2F%2Fsgn-prd-bumblebee%2Ffeed-images%2Fdf4f767307b54fa67a41540a23db0dd7&w=378&s=e7cd8d4803e9bc131b04dcc2558e97bd,,275-400,g,2025-04-16
124,Coop,100% Grenache,49,,https://image-transformer-api.tjek.com/?_id=v2&h=485&u=s3%3A%2F%2Fsgn-prd-bumblebee%2Ffeed-images%2Fa8c4212064406948d6d95e86042494fc&w=261&s=1da2fd40f634eed64f27017658e152d5,,75,cl,2025-04-16
125,Coop,Pesto,10,,https://image-transformer-api.tjek.com/?_id=v2&h=390&u=s3%3A%2F%2Fsgn-prd-bumblebee%2Ffeed-images%2Fb14851fe538fbc1722f9313a372a0d11&w=828&s=15a514b91fccfa9f5f15f73c566eb168,,190,g,2025-04-16
126,Coop,Adventuros*,11,,https://image-transformer-api.tjek.com/?_id=v2.6&h=947&u=s3%3A%2F%2Fsgn-prd-bumblebee%2Ffeed-images%2Fdf5cdf351cf4170b9c43fb377798fc71%2Cs3%3A%2F%2Fsgn-prd-bumblebee%2Ffeed-images%2F82fe43768d9e1365c11aa4ec3c488a87%2Cs3%3A%2F%2Fsgn-prd-bumblebee%2Ffeed-images%2F12c44ab41aed2c48a18dd735faf18fdd&w=828&s=c87006591ab0cc45984747974aecf4fa,,90,g,2025-04-16
127,Coop,Hundelegetøj*,29,,https://image-transformer-api.tjek.com/?_id=v2.6&h=390&u=s3%3A%2F%2Fsgn-prd-bumblebee%2Ffeed-images%2Faa69bc884935374db87e3b4c8c74ee42%2Cs3%3A%2F%2Fsgn-prd-bumblebee%2Ffeed-images%2Fe930f25a24599de3274d69ebdb248fa4&w=828&s=93883ed8f6befa56110784bee169e9de,,,,2025-04-16
128,Coop,Dogman hundeshampoo*,35,,https://image-transformer-api.tjek.com/?_id=v2&h=390&u=s3%3A%2F%2Fsgn-prd-bumblebee%2Ffeed-images%2F1eb6b75c8ea10819a89fc827f7667595&w=378&s=77b9e49b4df41e223262b1b0304b1a5c,,250,ml,2025-04-16
129,Coop,Dogman lollipop eller spinner,8,,https://image-transformer-api.tjek.com/?_id=v2.6&h=333&u=s3%3A%2F%2Fsgn-prd-bumblebee%2Ffeed-images%2F02daeda01946f7ed357786a65f66ff61%2Cs3%3A%2F%2Fsgn-prd-bumblebee%2Ffeed-images%2Fd4f91135f37b9763117a581036cd1eaf&w=378&s=e67415666245d74ec77c18500fdd0129,,17-34,g,2025-04-16
130,Coop,Pedigree small tørkost*,69,,https://image-transformer-api.tjek.com/?_id=v2&h=485&u=s3%3A%2F%2Fsgn-prd-bumblebee%2Ffeed-images%2Fe39b089be4f81df213ad3f2e7b98bdb4&w=258&s=b122de0c3f5c48ecfd1d9bee09452a3f,,2,kg,2025-04-16
131,Coop,Skærebræt*,25,,https://image-transformer-api.tjek.com/?_id=v2&h=485&u=s3%3A%2F%2Fsgn-prd-bumblebee%2Ffeed-images%2F764aeac528feac3a7347af5008780f98&w=398&s=8d68d43622e5c89244d37b7faf0dc3e3,,,,2025-04-16
132,Coop,Derma solcreme*,65,,https://image-transformer-api.tjek.com/?_id=v2.6&h=947&u=s3%3A%2F%2Fsgn-prd-bumblebee%2Ffeed-images%2F17db959acc6a3b111622c272b4cc0d16%2Cs3%3A%2F%2Fsgn-prd-bumblebee%2Ffeed-images%2F527bd95ce3f6ff56b0c01bd8ce2514cf%2Cs3%3A%2F%2Fsgn-prd-bumblebee%2Ffeed-images%2F9ed22718462c9085952270c90262e33c%2Cs3%3A%2F%2Fsgn-prd-bumblebee%2Ffeed-images%2F99091b6b7f64cb995d56904591fb79b8%2Cs3%3A%2F%2Fsgn-prd-bumblebee%2Ffeed-images%2F6a9535b41d26727cbc953ac23cc605f1&w=828&s=7a18328177fd85b8ce3986e94b473921,,150-200,ml,2025-04-16
133,Coop,"Palmolive deo roll-on, håndsæbe eller shower gel*",12,,https://image-transformer-api.tjek.com/?_id=v2.6&h=390&u=s3%3A%2F%2Fsgn-prd-bumblebee%2Ffeed-images%2Fc15617ff010ad98324b59e97a85a0090%2Cs3%3A%2F%2Fsgn-prd-bumblebee%2Ffeed-images%2F2a25cf9a6d7afbd1c9fd608b0cc7c123%2Cs3%3A%2F%2Fsgn-prd-bumblebee%2Ffeed-images%2F9b2d76ae858b6ccb758c02e6e162eabe%2Cs3%3A%2F%2Fsgn-prd-bumblebee%2Ffeed-images%2F439815e203db7b46e09684860c4371fc%2Cs3%3A%2F%2Fsgn-prd-bumblebee%2Ffeed-images%2F67bc5dec85d002819374cc783812058d&w=828&s=11597f477709a1c91d0c177c44db8e6b,,50-300,ml,2025-04-16
134,Coop,Longo Vital eller HUSK*,109,,https://image-transformer-api.tjek.com/?_id=v2.6&h=362&u=s3%3A%2F%2Fsgn-prd-bumblebee%2Ffeed-images%2F56320917b14d8fcf84e1db8cd24aa1e8%2Cs3%3A%2F%2Fsgn-prd-bumblebee%2Ffeed-images%2Fafb216645aed540f099c4dcb935438b4%2Cs3%3A%2F%2Fsgn-prd-bumblebee%2Ffeed-images%2F028daa9a0dcf462c16c835cadb49ea38%2Cs3%3A%2F%2Fsgn-prd-bumblebee%2Ffeed-images%2Fa1908f0a9ab9ecd2e4b19cf1b601789a%2Cs3%3A%2F%2Fsgn-prd-bumblebee%2Ffeed-images%2F387ab1ec9bde8aed82699bd85d7da716&w=378&s=af7c18d2bf5b04d07e902f43ce7e34fa,,180-225,stk,2025-04-16
135,Coop,365 toiletpapir eller køkkenrulle*,20,,https://image-transformer-api.tjek.com/?_id=v2.6&h=390&u=s3%3A%2F%2Fsgn-prd-bumblebee%2Ffeed-images%2F442668753eed3b054d9b2bd07c421b61%2Cs3%3A%2F%2Fsgn-prd-bumblebee%2Ffeed-images%2F43da13b10ab23527c10ee4e628b8f86e&w=378&s=5e7f7c7f99f0f63cee767176111b00dc,,594-679,g,2025-04-16
136,Coop,Neophos opvasketabs*,89,,https://image-transformer-api.tjek.com/?_id=v2.6&h=390&u=s3%3A%2F%2Fsgn-prd-bumblebee%2Ffeed-images%2Fa42ef2891811231105b2b0f1e35d85c7%2Cs3%3A%2F%2Fsgn-prd-bumblebee%2Ffeed-images%2F227267508d5899ef0b57a858a90201e7%2Cs3%3A%2F%2Fsgn-prd-bumblebee%2Ffeed-images%2Fe1b5e5fe063eade3d9c2b34949ef5d43%2Cs3%3A%2F%2Fsgn-prd-bumblebee%2Ffeed-images%2F40f194ad0bfd84becf20f76c87d11be3&w=1728&s=0b323e6503c4b8394e05f2f69fa72142,,45-70,stk,2025-04-16
